Workbook

Sheet CHECK_FORMULAS_EVENT_88
A1: BẢNG KIỂM TRA HÀM CÔNG THỨC EXCEL - EVENT 8.8 (NTB)
A2: File đối chiếu công thức Excel từ sheet 6_FC_Lay_Daily, 7_FC_Giao_Daily & FC Sorting 60d
A4: 1. VOLUME LẤY THEO SÀN (Event 8.8)
A5: Sàn / Kênh | B5: 06/08 | C5: 07/08 | D5: 08/08 | E5: 09/08 | F5: 10/08 | G5: 11/08 | H5: 12/08 | I5: 13/08 | J5: 14/08 | K5: 15/08 | L5: Tổng 10 ngày | M5: Trung bình
A6: Shopee | B6: =SUMIFS('6_FC_Lay_Daily'!AB:AB, '6_FC_Lay_Daily'!$E:$E, $A6) | C6: =SUMIFS('6_FC_Lay_Daily'!AC:AC, '6_FC_Lay_Daily'!$E:$E, $A6) | D6: =SUMIFS('6_FC_Lay_Daily'!AD:AD, '6_FC_Lay_Daily'!$E:$E, $A6) | E6: =SUMIFS('6_FC_Lay_Daily'!AE:AE, '6_FC_Lay_Daily'!$E:$E, $A6) | F6: =SUMIFS('6_FC_Lay_Daily'!AF:AF, '6_FC_Lay_Daily'!$E:$E, $A6) | G6: =SUMIFS('6_FC_Lay_Daily'!AG:AG, '6_FC_Lay_Daily'!$E:$E, $A6) | H6: =SUMIFS('6_FC_Lay_Daily'!AH:AH, '6_FC_Lay_Daily'!$E:$E, $A6) | I6: =SUMIFS('6_FC_Lay_Daily'!AI:AI, '6_FC_Lay_Daily'!$E:$E, $A6) | J6: =SUMIFS('6_FC_Lay_Daily'!AJ:AJ, '6_FC_Lay_Daily'!$E:$E, $A6) | K6: =SUMIFS('6_FC_Lay_Daily'!AK:AK, '6_FC_Lay_Daily'!$E:$E, $A6) | L6: =SUM(B6:K6) | M6: =AVERAGE(B6:K6)
A7: Shopee-Bulky | B7: =SUMIFS('6_FC_Lay_Daily'!AB:AB, '6_FC_Lay_Daily'!$E:$E, $A7) | C7: =SUMIFS('6_FC_Lay_Daily'!AC:AC, '6_FC_Lay_Daily'!$E:$E, $A7) | D7: =SUMIFS('6_FC_Lay_Daily'!AD:AD, '6_FC_Lay_Daily'!$E:$E, $A7) | E7: =SUMIFS('6_FC_Lay_Daily'!AE:AE, '6_FC_Lay_Daily'!$E:$E, $A7) | F7: =SUMIFS('6_FC_Lay_Daily'!AF:AF, '6_FC_Lay_Daily'!$E:$E, $A7) | G7: =SUMIFS('6_FC_Lay_Daily'!AG:AG, '6_FC_Lay_Daily'!$E:$E, $A7) | H7: =SUMIFS('6_FC_Lay_Daily'!AH:AH, '6_FC_Lay_Daily'!$E:$E, $A7) | I7: =SUMIFS('6_FC_Lay_Daily'!AI:AI, '6_FC_Lay_Daily'!$E:$E, $A7) | J7: =SUMIFS('6_FC_Lay_Daily'!AJ:AJ, '6_FC_Lay_Daily'!$E:$E, $A7) | K7: =SUMIFS('6_FC_Lay_Daily'!AK:AK, '6_FC_Lay_Daily'!$E:$E, $A7) | L7: =SUM(B7:K7) | M7: =AVERAGE(B7:K7)
A8: Shopee-Bulky (10-15kg) | B8: =SUMIFS('6_FC_Lay_Daily'!AB:AB, '6_FC_Lay_Daily'!$E:$E, $A8) | C8: =SUMIFS('6_FC_Lay_Daily'!AC:AC, '6_FC_Lay_Daily'!$E:$E, $A8) | D8: =SUMIFS('6_FC_Lay_Daily'!AD:AD, '6_FC_Lay_Daily'!$E:$E, $A8) | E8: =SUMIFS('6_FC_Lay_Daily'!AE:AE, '6_FC_Lay_Daily'!$E:$E, $A8) | F8: =SUMIFS('6_FC_Lay_Daily'!AF:AF, '6_FC_Lay_Daily'!$E:$E, $A8) | G8: =SUMIFS('6_FC_Lay_Daily'!AG:AG, '6_FC_Lay_Daily'!$E:$E, $A8) | H8: =SUMIFS('6_FC_Lay_Daily'!AH:AH, '6_FC_Lay_Daily'!$E:$E, $A8) | I8: =SUMIFS('6_FC_Lay_Daily'!AI:AI, '6_FC_Lay_Daily'!$E:$E, $A8) | J8: =SUMIFS('6_FC_Lay_Daily'!AJ:AJ, '6_FC_Lay_Daily'!$E:$E, $A8) | K8: =SUMIFS('6_FC_Lay_Daily'!AK:AK, '6_FC_Lay_Daily'!$E:$E, $A8) | L8: =SUM(B8:K8) | M8: =AVERAGE(B8:K8)
A9: SME | B9: =SUMIFS('6_FC_Lay_Daily'!AB:AB, '6_FC_Lay_Daily'!$E:$E, $A9) | C9: =SUMIFS('6_FC_Lay_Daily'!AC:AC, '6_FC_Lay_Daily'!$E:$E, $A9) | D9: =SUMIFS('6_FC_Lay_Daily'!AD:AD, '6_FC_Lay_Daily'!$E:$E, $A9) | E9: =SUMIFS('6_FC_Lay_Daily'!AE:AE, '6_FC_Lay_Daily'!$E:$E, $A9) | F9: =SUMIFS('6_FC_Lay_Daily'!AF:AF, '6_FC_Lay_Daily'!$E:$E, $A9) | G9: =SUMIFS('6_FC_Lay_Daily'!AG:AG, '6_FC_Lay_Daily'!$E:$E, $A9) | H9: =SUMIFS('6_FC_Lay_Daily'!AH:AH, '6_FC_Lay_Daily'!$E:$E, $A9) | I9: =SUMIFS('6_FC_Lay_Daily'!AI:AI, '6_FC_Lay_Daily'!$E:$E, $A9) | J9: =SUMIFS('6_FC_Lay_Daily'!AJ:AJ, '6_FC_Lay_Daily'!$E:$E, $A9) | K9: =SUMIFS('6_FC_Lay_Daily'!AK:AK, '6_FC_Lay_Daily'!$E:$E, $A9) | L9: =SUM(B9:K9) | M9: =AVERAGE(B9:K9)
A10: SME-Bulky | B10: =SUMIFS('6_FC_Lay_Daily'!AB:AB, '6_FC_Lay_Daily'!$E:$E, $A10) | C10: =SUMIFS('6_FC_Lay_Daily'!AC:AC, '6_FC_Lay_Daily'!$E:$E, $A10) | D10: =SUMIFS('6_FC_Lay_Daily'!AD:AD, '6_FC_Lay_Daily'!$E:$E, $A10) | E10: =SUMIFS('6_FC_Lay_Daily'!AE:AE, '6_FC_Lay_Daily'!$E:$E, $A10) | F10: =SUMIFS('6_FC_Lay_Daily'!AF:AF, '6_FC_Lay_Daily'!$E:$E, $A10) | G10: =SUMIFS('6_FC_Lay_Daily'!AG:AG, '6_FC_Lay_Daily'!$E:$E, $A10) | H10: =SUMIFS('6_FC_Lay_Daily'!AH:AH, '6_FC_Lay_Daily'!$E:$E, $A10) | I10: =SUMIFS('6_FC_Lay_Daily'!AI:AI, '6_FC_Lay_Daily'!$E:$E, $A10) | J10: =SUMIFS('6_FC_Lay_Daily'!AJ:AJ, '6_FC_Lay_Daily'!$E:$E, $A10) | K10: =SUMIFS('6_FC_Lay_Daily'!AK:AK, '6_FC_Lay_Daily'!$E:$E, $A10) | L10: =SUM(B10:K10) | M10: =AVERAGE(B10:K10)
A11: TTS | B11: =SUMIFS('6_FC_Lay_Daily'!AB:AB, '6_FC_Lay_Daily'!$E:$E, $A11) | C11: =SUMIFS('6_FC_Lay_Daily'!AC:AC, '6_FC_Lay_Daily'!$E:$E, $A11) | D11: =SUMIFS('6_FC_Lay_Daily'!AD:AD, '6_FC_Lay_Daily'!$E:$E, $A11) | E11: =SUMIFS('6_FC_Lay_Daily'!AE:AE, '6_FC_Lay_Daily'!$E:$E, $A11) | F11: =SUMIFS('6_FC_Lay_Daily'!AF:AF, '6_FC_Lay_Daily'!$E:$E, $A11) | G11: =SUMIFS('6_FC_Lay_Daily'!AG:AG, '6_FC_Lay_Daily'!$E:$E, $A11) | H11: =SUMIFS('6_FC_Lay_Daily'!AH:AH, '6_FC_Lay_Daily'!$E:$E, $A11) | I11: =SUMIFS('6_FC_Lay_Daily'!AI:AI, '6_FC_Lay_Daily'!$E:$E, $A11) | J11: =SUMIFS('6_FC_Lay_Daily'!AJ:AJ, '6_FC_Lay_Daily'!$E:$E, $A11) | K11: =SUMIFS('6_FC_Lay_Daily'!AK:AK, '6_FC_Lay_Daily'!$E:$E, $A11) | L11: =SUM(B11:K11) | M11: =AVERAGE(B11:K11)
A12: TTS-Bulky | B12: =SUMIFS('6_FC_Lay_Daily'!AB:AB, '6_FC_Lay_Daily'!$E:$E, $A12) | C12: =SUMIFS('6_FC_Lay_Daily'!AC:AC, '6_FC_Lay_Daily'!$E:$E, $A12) | D12: =SUMIFS('6_FC_Lay_Daily'!AD:AD, '6_FC_Lay_Daily'!$E:$E, $A12) | E12: =SUMIFS('6_FC_Lay_Daily'!AE:AE, '6_FC_Lay_Daily'!$E:$E, $A12) | F12: =SUMIFS('6_FC_Lay_Daily'!AF:AF, '6_FC_Lay_Daily'!$E:$E, $A12) | G12: =SUMIFS('6_FC_Lay_Daily'!AG:AG, '6_FC_Lay_Daily'!$E:$E, $A12) | H12: =SUMIFS('6_FC_Lay_Daily'!AH:AH, '6_FC_Lay_Daily'!$E:$E, $A12) | I12: =SUMIFS('6_FC_Lay_Daily'!AI:AI, '6_FC_Lay_Daily'!$E:$E, $A12) | J12: =SUMIFS('6_FC_Lay_Daily'!AJ:AJ, '6_FC_Lay_Daily'!$E:$E, $A12) | K12: =SUMIFS('6_FC_Lay_Daily'!AK:AK, '6_FC_Lay_Daily'!$E:$E, $A12) | L12: =SUM(B12:K12) | M12: =AVERAGE(B12:K12)
A13: Grand Total | B13: =SUM(B6:B12) | C13: =SUM(C6:C12) | D13: =SUM(D6:D12) | E13: =SUM(E6:E12) | F13: =SUM(F6:F12) | G13: =SUM(G6:G12) | H13: =SUM(H6:H12) | I13: =SUM(I6:I12) | ... M13: =SUM(M6:M12)
A16: 2. VOLUME LẤY THEO TỈNH/QUẬN (Event 8.8)
A17: Tỉnh / Quận | B17: 06/08 | C17: 07/08 | D17: 08/08 | E17: 09/08 | F17: 10/08 | G17: 11/08 | H17: 12/08 | I17: 13/08 | J17: 14/08 | K17: 15/08 | L17: Tổng 10 ngày | M17: Trung bình
A18: Bình Thuận | B18: =SUMIFS('6_FC_Lay_Daily'!AB:AB, '6_FC_Lay_Daily'!$B:$B, $A18) | C18: =SUMIFS('6_FC_Lay_Daily'!AC:AC, '6_FC_Lay_Daily'!$B:$B, $A18) | D18: =SUMIFS('6_FC_Lay_Daily'!AD:AD, '6_FC_Lay_Daily'!$B:$B, $A18) | E18: =SUMIFS('6_FC_Lay_Daily'!AE:AE, '6_FC_Lay_Daily'!$B:$B, $A18) | F18: =SUMIFS('6_FC_Lay_Daily'!AF:AF, '6_FC_Lay_Daily'!$B:$B, $A18) | G18: =SUMIFS('6_FC_Lay_Daily'!AG:AG, '6_FC_Lay_Daily'!$B:$B, $A18) | H18: =SUMIFS('6_FC_Lay_Daily'!AH:AH, '6_FC_Lay_Daily'!$B:$B, $A18) | I18: =SUMIFS('6_FC_Lay_Daily'!AI:AI, '6_FC_Lay_Daily'!$B:$B, $A18) | J18: =SUMIFS('6_FC_Lay_Daily'!AJ:AJ, '6_FC_Lay_Daily'!$B:$B, $A18) | K18: =SUMIFS('6_FC_Lay_Daily'!AK:AK, '6_FC_Lay_Daily'!$B:$B, $A18) | L18: =SUM(B18:K18) | M18: =AVERAGE(B18:K18)
A19: Khánh Hòa | B19: =SUMIFS('6_FC_Lay_Daily'!AB:AB, '6_FC_Lay_Daily'!$B:$B, $A19) | C19: =SUMIFS('6_FC_Lay_Daily'!AC:AC, '6_FC_Lay_Daily'!$B:$B, $A19) | D19: =SUMIFS('6_FC_Lay_Daily'!AD:AD, '6_FC_Lay_Daily'!$B:$B, $A19) | E19: =SUMIFS('6_FC_Lay_Daily'!AE:AE, '6_FC_Lay_Daily'!$B:$B, $A19) | F19: =SUMIFS('6_FC_Lay_Daily'!AF:AF, '6_FC_Lay_Daily'!$B:$B, $A19) | G19: =SUMIFS('6_FC_Lay_Daily'!AG:AG, '6_FC_Lay_Daily'!$B:$B, $A19) | H19: =SUMIFS('6_FC_Lay_Daily'!AH:AH, '6_FC_Lay_Daily'!$B:$B, $A19) | I19: =SUMIFS('6_FC_Lay_Daily'!AI:AI, '6_FC_Lay_Daily'!$B:$B, $A19) | J19: =SUMIFS('6_FC_Lay_Daily'!AJ:AJ, '6_FC_Lay_Daily'!$B:$B, $A19) | K19: =SUMIFS('6_FC_Lay_Daily'!AK:AK, '6_FC_Lay_Daily'!$B:$B, $A19) | L19: =SUM(B19:K19) | M19: =AVERAGE(B19:K19)
A20: Lâm Đồng | B20: =SUMIFS('6_FC_Lay_Daily'!AB:AB, '6_FC_Lay_Daily'!$B:$B, $A20) | C20: =SUMIFS('6_FC_Lay_Daily'!AC:AC, '6_FC_Lay_Daily'!$B:$B, $A20) | D20: =SUMIFS('6_FC_Lay_Daily'!AD:AD, '6_FC_Lay_Daily'!$B:$B, $A20) | E20: =SUMIFS('6_FC_Lay_Daily'!AE:AE, '6_FC_Lay_Daily'!$B:$B, $A20) | F20: =SUMIFS('6_FC_Lay_Daily'!AF:AF, '6_FC_Lay_Daily'!$B:$B, $A20) | G20: =SUMIFS('6_FC_Lay_Daily'!AG:AG, '6_FC_Lay_Daily'!$B:$B, $A20) | H20: =SUMIFS('6_FC_Lay_Daily'!AH:AH, '6_FC_Lay_Daily'!$B:$B, $A20) | I20: =SUMIFS('6_FC_Lay_Daily'!AI:AI, '6_FC_Lay_Daily'!$B:$B, $A20) | J20: =SUMIFS('6_FC_Lay_Daily'!AJ:AJ, '6_FC_Lay_Daily'!$B:$B, $A20) | K20: =SUMIFS('6_FC_Lay_Daily'!AK:AK, '6_FC_Lay_Daily'!$B:$B, $A20) | L20: =SUM(B20:K20) | M20: =AVERAGE(B20:K20)
A21: Ninh Thuận | B21: =SUMIFS('6_FC_Lay_Daily'!AB:AB, '6_FC_Lay_Daily'!$B:$B, $A21) | C21: =SUMIFS('6_FC_Lay_Daily'!AC:AC, '6_FC_Lay_Daily'!$B:$B, $A21) | D21: =SUMIFS('6_FC_Lay_Daily'!AD:AD, '6_FC_Lay_Daily'!$B:$B, $A21) | E21: =SUMIFS('6_FC_Lay_Daily'!AE:AE, '6_FC_Lay_Daily'!$B:$B, $A21) | F21: =SUMIFS('6_FC_Lay_Daily'!AF:AF, '6_FC_Lay_Daily'!$B:$B, $A21) | G21: =SUMIFS('6_FC_Lay_Daily'!AG:AG, '6_FC_Lay_Daily'!$B:$B, $A21) | H21: =SUMIFS('6_FC_Lay_Daily'!AH:AH, '6_FC_Lay_Daily'!$B:$B, $A21) | I21: =SUMIFS('6_FC_Lay_Daily'!AI:AI, '6_FC_Lay_Daily'!$B:$B, $A21) | J21: =SUMIFS('6_FC_Lay_Daily'!AJ:AJ, '6_FC_Lay_Daily'!$B:$B, $A21) | K21: =SUMIFS('6_FC_Lay_Daily'!AK:AK, '6_FC_Lay_Daily'!$B:$B, $A21) | L21: =SUM(B21:K21) | M21: =AVERAGE(B21:K21)
A22: Đắk Nông | B22: =SUMIFS('6_FC_Lay_Daily'!AB:AB, '6_FC_Lay_Daily'!$B:$B, $A22) | C22: =SUMIFS('6_FC_Lay_Daily'!AC:AC, '6_FC_Lay_Daily'!$B:$B, $A22) | D22: =SUMIFS('6_FC_Lay_Daily'!AD:AD, '6_FC_Lay_Daily'!$B:$B, $A22) | E22: =SUMIFS('6_FC_Lay_Daily'!AE:AE, '6_FC_Lay_Daily'!$B:$B, $A22) | F22: =SUMIFS('6_FC_Lay_Daily'!AF:AF, '6_FC_Lay_Daily'!$B:$B, $A22) | G22: =SUMIFS('6_FC_Lay_Daily'!AG:AG, '6_FC_Lay_Daily'!$B:$B, $A22) | H22: =SUMIFS('6_FC_Lay_Daily'!AH:AH, '6_FC_Lay_Daily'!$B:$B, $A22) | I22: =SUMIFS('6_FC_Lay_Daily'!AI:AI, '6_FC_Lay_Daily'!$B:$B, $A22) | J22: =SUMIFS('6_FC_Lay_Daily'!AJ:AJ, '6_FC_Lay_Daily'!$B:$B, $A22) | K22: =SUMIFS('6_FC_Lay_Daily'!AK:AK, '6_FC_Lay_Daily'!$B:$B, $A22) | L22: =SUM(B22:K22) | M22: =AVERAGE(B22:K22)
A23: Grand Total | B23: =SUM(B18:B22) | C23: =SUM(C18:C22) | D23: =SUM(D18:D22) | E23: =SUM(E18:E22) | F23: =SUM(F18:F22) | G23: =SUM(G18:G22) | H23: =SUM(H18:H22) | I23: =SUM(I18:I22) | ... M23: =SUM(M18:M22)
A26: 3. VOLUME GIAO THEO SÀN (Event 8.8)
A27: Sàn / Kênh | B27: 06/08 | C27: 07/08 | D27: 08/08 | E27: 09/08 | F27: 10/08 | G27: 11/08 | H27: 12/08 | I27: 13/08 | J27: 14/08 | K27: 15/08 | L27: Tổng 10 ngày | M27: Trung bình
A28: Shopee | B28: =SUMIFS('7_FC_Giao_Daily'!AB:AB, '7_FC_Giao_Daily'!$E:$E, $A28) | C28: =SUMIFS('7_FC_Giao_Daily'!AC:AC, '7_FC_Giao_Daily'!$E:$E, $A28) | D28: =SUMIFS('7_FC_Giao_Daily'!AD:AD, '7_FC_Giao_Daily'!$E:$E, $A28) | E28: =SUMIFS('7_FC_Giao_Daily'!AE:AE, '7_FC_Giao_Daily'!$E:$E, $A28) | F28: =SUMIFS('7_FC_Giao_Daily'!AF:AF, '7_FC_Giao_Daily'!$E:$E, $A28) | G28: =SUMIFS('7_FC_Giao_Daily'!AG:AG, '7_FC_Giao_Daily'!$E:$E, $A28) | H28: =SUMIFS('7_FC_Giao_Daily'!AH:AH, '7_FC_Giao_Daily'!$E:$E, $A28) | I28: =SUMIFS('7_FC_Giao_Daily'!AI:AI, '7_FC_Giao_Daily'!$E:$E, $A28) | J28: =SUMIFS('7_FC_Giao_Daily'!AJ:AJ, '7_FC_Giao_Daily'!$E:$E, $A28) | K28: =SUMIFS('7_FC_Giao_Daily'!AK:AK, '7_FC_Giao_Daily'!$E:$E, $A28) | L28: =SUM(B28:K28) | M28: =AVERAGE(B28:K28)
A29: Shopee-Bulky | B29: =SUMIFS('7_FC_Giao_Daily'!AB:AB, '7_FC_Giao_Daily'!$E:$E, $A29) | C29: =SUMIFS('7_FC_Giao_Daily'!AC:AC, '7_FC_Giao_Daily'!$E:$E, $A29) | D29: =SUMIFS('7_FC_Giao_Daily'!AD:AD, '7_FC_Giao_Daily'!$E:$E, $A29) | E29: =SUMIFS('7_FC_Giao_Daily'!AE:AE, '7_FC_Giao_Daily'!$E:$E, $A29) | F29: =SUMIFS('7_FC_Giao_Daily'!AF:AF, '7_FC_Giao_Daily'!$E:$E, $A29) | G29: =SUMIFS('7_FC_Giao_Daily'!AG:AG, '7_FC_Giao_Daily'!$E:$E, $A29) | H29: =SUMIFS('7_FC_Giao_Daily'!AH:AH, '7_FC_Giao_Daily'!$E:$E, $A29) | I29: =SUMIFS('7_FC_Giao_Daily'!AI:AI, '7_FC_Giao_Daily'!$E:$E, $A29) | J29: =SUMIFS('7_FC_Giao_Daily'!AJ:AJ, '7_FC_Giao_Daily'!$E:$E, $A29) | K29: =SUMIFS('7_FC_Giao_Daily'!AK:AK, '7_FC_Giao_Daily'!$E:$E, $A29) | L29: =SUM(B29:K29) | M29: =AVERAGE(B29:K29)
A30: Shopee-Bulky (10-15kg) | B30: =SUMIFS('7_FC_Giao_Daily'!AB:AB, '7_FC_Giao_Daily'!$E:$E, $A30) | C30: =SUMIFS('7_FC_Giao_Daily'!AC:AC, '7_FC_Giao_Daily'!$E:$E, $A30) | D30: =SUMIFS('7_FC_Giao_Daily'!AD:AD, '7_FC_Giao_Daily'!$E:$E, $A30) | E30: =SUMIFS('7_FC_Giao_Daily'!AE:AE, '7_FC_Giao_Daily'!$E:$E, $A30) | F30: =SUMIFS('7_FC_Giao_Daily'!AF:AF, '7_FC_Giao_Daily'!$E:$E, $A30) | G30: =SUMIFS('7_FC_Giao_Daily'!AG:AG, '7_FC_Giao_Daily'!$E:$E, $A30) | H30: =SUMIFS('7_FC_Giao_Daily'!AH:AH, '7_FC_Giao_Daily'!$E:$E, $A30) | I30: =SUMIFS('7_FC_Giao_Daily'!AI:AI, '7_FC_Giao_Daily'!$E:$E, $A30) | J30: =SUMIFS('7_FC_Giao_Daily'!AJ:AJ, '7_FC_Giao_Daily'!$E:$E, $A30) | K30: =SUMIFS('7_FC_Giao_Daily'!AK:AK, '7_FC_Giao_Daily'!$E:$E, $A30) | L30: =SUM(B30:K30) | M30: =AVERAGE(B30:K30)
A31: SME | B31: =SUMIFS('7_FC_Giao_Daily'!AB:AB, '7_FC_Giao_Daily'!$E:$E, $A31) | C31: =SUMIFS('7_FC_Giao_Daily'!AC:AC, '7_FC_Giao_Daily'!$E:$E, $A31) | D31: =SUMIFS('7_FC_Giao_Daily'!AD:AD, '7_FC_Giao_Daily'!$E:$E, $A31) | E31: =SUMIFS('7_FC_Giao_Daily'!AE:AE, '7_FC_Giao_Daily'!$E:$E, $A31) | F31: =SUMIFS('7_FC_Giao_Daily'!AF:AF, '7_FC_Giao_Daily'!$E:$E, $A31) | G31: =SUMIFS('7_FC_Giao_Daily'!AG:AG, '7_FC_Giao_Daily'!$E:$E, $A31) | H31: =SUMIFS('7_FC_Giao_Daily'!AH:AH, '7_FC_Giao_Daily'!$E:$E, $A31) | I31: =SUMIFS('7_FC_Giao_Daily'!AI:AI, '7_FC_Giao_Daily'!$E:$E, $A31) | J31: =SUMIFS('7_FC_Giao_Daily'!AJ:AJ, '7_FC_Giao_Daily'!$E:$E, $A31) | K31: =SUMIFS('7_FC_Giao_Daily'!AK:AK, '7_FC_Giao_Daily'!$E:$E, $A31) | L31: =SUM(B31:K31) | M31: =AVERAGE(B31:K31)
A32: SME-Bulky | B32: =SUMIFS('7_FC_Giao_Daily'!AB:AB, '7_FC_Giao_Daily'!$E:$E, $A32) | C32: =SUMIFS('7_FC_Giao_Daily'!AC:AC, '7_FC_Giao_Daily'!$E:$E, $A32) | D32: =SUMIFS('7_FC_Giao_Daily'!AD:AD, '7_FC_Giao_Daily'!$E:$E, $A32) | E32: =SUMIFS('7_FC_Giao_Daily'!AE:AE, '7_FC_Giao_Daily'!$E:$E, $A32) | F32: =SUMIFS('7_FC_Giao_Daily'!AF:AF, '7_FC_Giao_Daily'!$E:$E, $A32) | G32: =SUMIFS('7_FC_Giao_Daily'!AG:AG, '7_FC_Giao_Daily'!$E:$E, $A32) | H32: =SUMIFS('7_FC_Giao_Daily'!AH:AH, '7_FC_Giao_Daily'!$E:$E, $A32) | I32: =SUMIFS('7_FC_Giao_Daily'!AI:AI, '7_FC_Giao_Daily'!$E:$E, $A32) | J32: =SUMIFS('7_FC_Giao_Daily'!AJ:AJ, '7_FC_Giao_Daily'!$E:$E, $A32) | K32: =SUMIFS('7_FC_Giao_Daily'!AK:AK, '7_FC_Giao_Daily'!$E:$E, $A32) | L32: =SUM(B32:K32) | M32: =AVERAGE(B32:K32)
A33: TTS | B33: =SUMIFS('7_FC_Giao_Daily'!AB:AB, '7_FC_Giao_Daily'!$E:$E, $A33) | C33: =SUMIFS('7_FC_Giao_Daily'!AC:AC, '7_FC_Giao_Daily'!$E:$E, $A33) | D33: =SUMIFS('7_FC_Giao_Daily'!AD:AD, '7_FC_Giao_Daily'!$E:$E, $A33) | E33: =SUMIFS('7_FC_Giao_Daily'!AE:AE, '7_FC_Giao_Daily'!$E:$E, $A33) | F33: =SUMIFS('7_FC_Giao_Daily'!AF:AF, '7_FC_Giao_Daily'!$E:$E, $A33) | G33: =SUMIFS('7_FC_Giao_Daily'!AG:AG, '7_FC_Giao_Daily'!$E:$E, $A33) | H33: =SUMIFS('7_FC_Giao_Daily'!AH:AH, '7_FC_Giao_Daily'!$E:$E, $A33) | I33: =SUMIFS('7_FC_Giao_Daily'!AI:AI, '7_FC_Giao_Daily'!$E:$E, $A33) | J33: =SUMIFS('7_FC_Giao_Daily'!AJ:AJ, '7_FC_Giao_Daily'!$E:$E, $A33) | K33: =SUMIFS('7_FC_Giao_Daily'!AK:AK, '7_FC_Giao_Daily'!$E:$E, $A33) | L33: =SUM(B33:K33) | M33: =AVERAGE(B33:K33)
A34: TTS-Bulky | B34: =SUMIFS('7_FC_Giao_Daily'!AB:AB, '7_FC_Giao_Daily'!$E:$E, $A34) | C34: =SUMIFS('7_FC_Giao_Daily'!AC:AC, '7_FC_Giao_Daily'!$E:$E, $A34) | D34: =SUMIFS('7_FC_Giao_Daily'!AD:AD, '7_FC_Giao_Daily'!$E:$E, $A34) | E34: =SUMIFS('7_FC_Giao_Daily'!AE:AE, '7_FC_Giao_Daily'!$E:$E, $A34) | F34: =SUMIFS('7_FC_Giao_Daily'!AF:AF, '7_FC_Giao_Daily'!$E:$E, $A34) | G34: =SUMIFS('7_FC_Giao_Daily'!AG:AG, '7_FC_Giao_Daily'!$E:$E, $A34) | H34: =SUMIFS('7_FC_Giao_Daily'!AH:AH, '7_FC_Giao_Daily'!$E:$E, $A34) | I34: =SUMIFS('7_FC_Giao_Daily'!AI:AI, '7_FC_Giao_Daily'!$E:$E, $A34) | J34: =SUMIFS('7_FC_Giao_Daily'!AJ:AJ, '7_FC_Giao_Daily'!$E:$E, $A34) | K34: =SUMIFS('7_FC_Giao_Daily'!AK:AK, '7_FC_Giao_Daily'!$E:$E, $A34) | L34: =SUM(B34:K34) | M34: =AVERAGE(B34:K34)
A35: Grand Total | B35: =SUM(B28:B34) | C35: =SUM(C28:C34) | D35: =SUM(D28:D34) | E35: =SUM(E28:E34) | F35: =SUM(F28:F34) | G35: =SUM(G28:G34) | H35: =SUM(H28:H34) | I35: =SUM(I28:I34) | ... M35: =SUM(M28:M34)
A38: 4. VOLUME GIAO THEO TỈNH/QUẬN (Event 8.8)
A39: Tỉnh / Quận | B39: 06/08 | C39: 07/08 | D39: 08/08 | E39: 09/08 | F39: 10/08 | G39: 11/08 | H39: 12/08 | I39: 13/08 | J39: 14/08 | K39: 15/08 | L39: Tổng 10 ngày | M39: Trung bình
A40: Bình Thuận | B40: =SUMIFS('7_FC_Giao_Daily'!AB:AB, '7_FC_Giao_Daily'!$B:$B, $A40) | C40: =SUMIFS('7_FC_Giao_Daily'!AC:AC, '7_FC_Giao_Daily'!$B:$B, $A40) | D40: =SUMIFS('7_FC_Giao_Daily'!AD:AD, '7_FC_Giao_Daily'!$B:$B, $A40) | E40: =SUMIFS('7_FC_Giao_Daily'!AE:AE, '7_FC_Giao_Daily'!$B:$B, $A40) | F40: =SUMIFS('7_FC_Giao_Daily'!AF:AF, '7_FC_Giao_Daily'!$B:$B, $A40) | G40: =SUMIFS('7_FC_Giao_Daily'!AG:AG, '7_FC_Giao_Daily'!$B:$B, $A40) | H40: =SUMIFS('7_FC_Giao_Daily'!AH:AH, '7_FC_Giao_Daily'!$B:$B, $A40) | I40: =SUMIFS('7_FC_Giao_Daily'!AI:AI, '7_FC_Giao_Daily'!$B:$B, $A40) | J40: =SUMIFS('7_FC_Giao_Daily'!AJ:AJ, '7_FC_Giao_Daily'!$B:$B, $A40) | K40: =SUMIFS('7_FC_Giao_Daily'!AK:AK, '7_FC_Giao_Daily'!$B:$B, $A40) | L40: =SUM(B40:K40) | M40: =AVERAGE(B40:K40)
A41: Khánh Hòa | B41: =SUMIFS('7_FC_Giao_Daily'!AB:AB, '7_FC_Giao_Daily'!$B:$B, $A41) | C41: =SUMIFS('7_FC_Giao_Daily'!AC:AC, '7_FC_Giao_Daily'!$B:$B, $A41) | D41: =SUMIFS('7_FC_Giao_Daily'!AD:AD, '7_FC_Giao_Daily'!$B:$B, $A41) | E41: =SUMIFS('7_FC_Giao_Daily'!AE:AE, '7_FC_Giao_Daily'!$B:$B, $A41) | F41: =SUMIFS('7_FC_Giao_Daily'!AF:AF, '7_FC_Giao_Daily'!$B:$B, $A41) | G41: =SUMIFS('7_FC_Giao_Daily'!AG:AG, '7_FC_Giao_Daily'!$B:$B, $A41) | H41: =SUMIFS('7_FC_Giao_Daily'!AH:AH, '7_FC_Giao_Daily'!$B:$B, $A41) | I41: =SUMIFS('7_FC_Giao_Daily'!AI:AI, '7_FC_Giao_Daily'!$B:$B, $A41) | J41: =SUMIFS('7_FC_Giao_Daily'!AJ:AJ, '7_FC_Giao_Daily'!$B:$B, $A41) | K41: =SUMIFS('7_FC_Giao_Daily'!AK:AK, '7_FC_Giao_Daily'!$B:$B, $A41) | L41: =SUM(B41:K41) | M41: =AVERAGE(B41:K41)
A42: Lâm Đồng | B42: =SUMIFS('7_FC_Giao_Daily'!AB:AB, '7_FC_Giao_Daily'!$B:$B, $A42) | C42: =SUMIFS('7_FC_Giao_Daily'!AC:AC, '7_FC_Giao_Daily'!$B:$B, $A42) | D42: =SUMIFS('7_FC_Giao_Daily'!AD:AD, '7_FC_Giao_Daily'!$B:$B, $A42) | E42: =SUMIFS('7_FC_Giao_Daily'!AE:AE, '7_FC_Giao_Daily'!$B:$B, $A42) | F42: =SUMIFS('7_FC_Giao_Daily'!AF:AF, '7_FC_Giao_Daily'!$B:$B, $A42) | G42: =SUMIFS('7_FC_Giao_Daily'!AG:AG, '7_FC_Giao_Daily'!$B:$B, $A42) | H42: =SUMIFS('7_FC_Giao_Daily'!AH:AH, '7_FC_Giao_Daily'!$B:$B, $A42) | I42: =SUMIFS('7_FC_Giao_Daily'!AI:AI, '7_FC_Giao_Daily'!$B:$B, $A42) | J42: =SUMIFS('7_FC_Giao_Daily'!AJ:AJ, '7_FC_Giao_Daily'!$B:$B, $A42) | K42: =SUMIFS('7_FC_Giao_Daily'!AK:AK, '7_FC_Giao_Daily'!$B:$B, $A42) | L42: =SUM(B42:K42) | M42: =AVERAGE(B42:K42)
A43: Ninh Thuận | B43: =SUMIFS('7_FC_Giao_Daily'!AB:AB, '7_FC_Giao_Daily'!$B:$B, $A43) | C43: =SUMIFS('7_FC_Giao_Daily'!AC:AC, '7_FC_Giao_Daily'!$B:$B, $A43) | D43: =SUMIFS('7_FC_Giao_Daily'!AD:AD, '7_FC_Giao_Daily'!$B:$B, $A43) | E43: =SUMIFS('7_FC_Giao_Daily'!AE:AE, '7_FC_Giao_Daily'!$B:$B, $A43) | F43: =SUMIFS('7_FC_Giao_Daily'!AF:AF, '7_FC_Giao_Daily'!$B:$B, $A43) | G43: =SUMIFS('7_FC_Giao_Daily'!AG:AG, '7_FC_Giao_Daily'!$B:$B, $A43) | H43: =SUMIFS('7_FC_Giao_Daily'!AH:AH, '7_FC_Giao_Daily'!$B:$B, $A43) | I43: =SUMIFS('7_FC_Giao_Daily'!AI:AI, '7_FC_Giao_Daily'!$B:$B, $A43) | J43: =SUMIFS('7_FC_Giao_Daily'!AJ:AJ, '7_FC_Giao_Daily'!$B:$B, $A43) | K43: =SUMIFS('7_FC_Giao_Daily'!AK:AK, '7_FC_Giao_Daily'!$B:$B, $A43) | L43: =SUM(B43:K43) | M43: =AVERAGE(B43:K43)
A44: Đắk Nông | B44: =SUMIFS('7_FC_Giao_Daily'!AB:AB, '7_FC_Giao_Daily'!$B:$B, $A44) | C44: =SUMIFS('7_FC_Giao_Daily'!AC:AC, '7_FC_Giao_Daily'!$B:$B, $A44) | D44: =SUMIFS('7_FC_Giao_Daily'!AD:AD, '7_FC_Giao_Daily'!$B:$B, $A44) | E44: =SUMIFS('7_FC_Giao_Daily'!AE:AE, '7_FC_Giao_Daily'!$B:$B, $A44) | F44: =SUMIFS('7_FC_Giao_Daily'!AF:AF, '7_FC_Giao_Daily'!$B:$B, $A44) | G44: =SUMIFS('7_FC_Giao_Daily'!AG:AG, '7_FC_Giao_Daily'!$B:$B, $A44) | H44: =SUMIFS('7_FC_Giao_Daily'!AH:AH, '7_FC_Giao_Daily'!$B:$B, $A44) | I44: =SUMIFS('7_FC_Giao_Daily'!AI:AI, '7_FC_Giao_Daily'!$B:$B, $A44) | J44: =SUMIFS('7_FC_Giao_Daily'!AJ:AJ, '7_FC_Giao_Daily'!$B:$B, $A44) | K44: =SUMIFS('7_FC_Giao_Daily'!AK:AK, '7_FC_Giao_Daily'!$B:$B, $A44) | L44: =SUM(B44:K44) | M44: =AVERAGE(B44:K44)
A45: Grand Total | B45: =SUM(B40:B44) | C45: =SUM(C40:C44) | D45: =SUM(D40:D44) | E45: =SUM(E40:E44) | F45: =SUM(F40:F44) | G45: =SUM(G40:G44) | H45: =SUM(H40:H44) | I45: =SUM(I40:I44) | ... M45: =SUM(M40:M44)
A48: 5. BẢNG TÍNH COMBO CHART (VOLUME, TRUNG BÌNH, % TĂNG/GIẢM FC)
A49: A. FC Volume Lấy event 08.08 (Style Combo Chart)
A50: Chỉ tiêu | B50: 06/08 | C50: 07/08 | D50: 08/08 | E50: 09/08 | F50: 10/08 | G50: 11/08 | H50: 12/08 | I50: 13/08 | J50: 14/08 | K50: 15/08 | L50: Trung bình toàn đợt
A51: Volume lấy | B51: =B13 | C51: =C13 | D51: =D13 | E51: =E13 | F51: =F13 | G51: =G13 | H51: =H13 | I51: =I13 | ... K51: =K13 | L51: =AVERAGE(B51:K51)
A52: Trung bình | B52: =$L$51 | C52: =$L$51 | D52: =$L$51 | E52: =$L$51 | F52: =$L$51 | G52: =$L$51 | H52: =$L$51 | I52: =$L$51 | ... L52: =$L$51
A53: Tăng/ giảm FC | B53: =(B51-$L$51)/$L$51 | C53: =(C51-$L$51)/$L$51 | D53: =(D51-$L$51)/$L$51 | E53: =(E51-$L$51)/$L$51 | F53: =(F51-$L$51)/$L$51 | G53: =(G51-$L$51)/$L$51 | H53: =(H51-$L$51)/$L$51 | I53: =(I51-$L$51)/$L$51 | ... K53: =(K51-$L$51)/$L$51 | L53: 0
A56: B. FC Volume Giao event 08.08 (Style Combo Chart)
A57: Chỉ tiêu | B57: 06/08 | C57: 07/08 | D57: 08/08 | E57: 09/08 | F57: 10/08 | G57: 11/08 | H57: 12/08 | I57: 13/08 | J57: 14/08 | K57: 15/08 | L57: Trung bình toàn đợt
A58: Volume giao | B58: =B35 | C58: =C35 | D58: =D35 | E58: =E35 | F58: =F35 | G58: =G35 | H58: =H35 | I58: =I35 | ... K58: =K35 | L58: =AVERAGE(B58:K58)
A59: Trung bình | B59: =$L$58 | C59: =$L$58 | D59: =$L$58 | E59: =$L$58 | F59: =$L$58 | G59: =$L$58 | H59: =$L$58 | I59: =$L$58 | ... L59: =$L$58
A60: Tăng/ giảm FC | B60: =(B58-$L$58)/$L$58 | C60: =(C58-$L$58)/$L$58 | D60: =(D58-$L$58)/$L$58 | E60: =(E58-$L$58)/$L$58 | F60: =(F58-$L$58)/$L$58 | G60: =(G58-$L$58)/$L$58 | H60: =(H58-$L$58)/$L$58 | I60: =(I58-$L$58)/$L$58 | ... K60: =(K58-$L$58)/$L$58 | L60: 0
A63: 6. PHÂN BỔ VOLUME SORTING THEO 5 KHO KTC / CHUYỂN TIẾP (TABLE 8 - PULL TRỰC TIẾP TỪ FC SORTING 60D)
A64: Kho / Hub | B64: Nhóm hàng | C64: 06/08 | D64: 07/08 | E64: 08/08 | F64: 09/08 | G64: 10/08 | H64: 11/08 | I64: 12/08 | J64: 13/08 | K64: 14/08 | L64: 15/08 | M64: Tổng 10 ngày | N64: Trung bình
A65: Kho Trung Chuyển Khánh Hòa | B65: Normal | C65: =SUMIFS('FC Sorting 60d'!Y:Y, 'FC Sorting 60d'!$A:$A, $A65, 'FC Sorting 60d'!$B:$B, $B65) | D65: =SUMIFS('FC Sorting 60d'!Z:Z, 'FC Sorting 60d'!$A:$A, $A65, 'FC Sorting 60d'!$B:$B, $B65) | E65: =SUMIFS('FC Sorting 60d'!AA:AA, 'FC Sorting 60d'!$A:$A, $A65, 'FC Sorting 60d'!$B:$B, $B65) | F65: =SUMIFS('FC Sorting 60d'!AB:AB, 'FC Sorting 60d'!$A:$A, $A65, 'FC Sorting 60d'!$B:$B, $B65) | G65: =SUMIFS('FC Sorting 60d'!AC:AC, 'FC Sorting 60d'!$A:$A, $A65, 'FC Sorting 60d'!$B:$B, $B65) | H65: =SUMIFS('FC Sorting 60d'!AD:AD, 'FC Sorting 60d'!$A:$A, $A65, 'FC Sorting 60d'!$B:$B, $B65) | I65: =SUMIFS('FC Sorting 60d'!AE:AE, 'FC Sorting 60d'!$A:$A, $A65, 'FC Sorting 60d'!$B:$B, $B65) | J65: =SUMIFS('FC Sorting 60d'!AF:AF, 'FC Sorting 60d'!$A:$A, $A65, 'FC Sorting 60d'!$B:$B, $B65) | K65: =SUMIFS('FC Sorting 60d'!AG:AG, 'FC Sorting 60d'!$A:$A, $A65, 'FC Sorting 60d'!$B:$B, $B65) | L65: =SUMIFS('FC Sorting 60d'!AH:AH, 'FC Sorting 60d'!$A:$A, $A65, 'FC Sorting 60d'!$B:$B, $B65) | M65: =SUM(C65:L65) | N65: =AVERAGE(C65:L65)
A66: Kho Trung Chuyển Khánh Hòa | B66: Bulky | C66: =SUMIFS('FC Sorting 60d'!Y:Y, 'FC Sorting 60d'!$A:$A, $A66, 'FC Sorting 60d'!$B:$B, $B66) | D66: =SUMIFS('FC Sorting 60d'!Z:Z, 'FC Sorting 60d'!$A:$A, $A66, 'FC Sorting 60d'!$B:$B, $B66) | E66: =SUMIFS('FC Sorting 60d'!AA:AA, 'FC Sorting 60d'!$A:$A, $A66, 'FC Sorting 60d'!$B:$B, $B66) | F66: =SUMIFS('FC Sorting 60d'!AB:AB, 'FC Sorting 60d'!$A:$A, $A66, 'FC Sorting 60d'!$B:$B, $B66) | G66: =SUMIFS('FC Sorting 60d'!AC:AC, 'FC Sorting 60d'!$A:$A, $A66, 'FC Sorting 60d'!$B:$B, $B66) | H66: =SUMIFS('FC Sorting 60d'!AD:AD, 'FC Sorting 60d'!$A:$A, $A66, 'FC Sorting 60d'!$B:$B, $B66) | I66: =SUMIFS('FC Sorting 60d'!AE:AE, 'FC Sorting 60d'!$A:$A, $A66, 'FC Sorting 60d'!$B:$B, $B66) | J66: =SUMIFS('FC Sorting 60d'!AF:AF, 'FC Sorting 60d'!$A:$A, $A66, 'FC Sorting 60d'!$B:$B, $B66) | K66: =SUMIFS('FC Sorting 60d'!AG:AG, 'FC Sorting 60d'!$A:$A, $A66, 'FC Sorting 60d'!$B:$B, $B66) | L66: =SUMIFS('FC Sorting 60d'!AH:AH, 'FC Sorting 60d'!$A:$A, $A66, 'FC Sorting 60d'!$B:$B, $B66) | M66: =SUM(C66:L66) | N66: =AVERAGE(C66:L66)
A67: Kho Trung Chuyển Khánh Hòa | B67: Freight | C67: =SUMIFS('FC Sorting 60d'!Y:Y, 'FC Sorting 60d'!$A:$A, $A67, 'FC Sorting 60d'!$B:$B, $B67) | D67: =SUMIFS('FC Sorting 60d'!Z:Z, 'FC Sorting 60d'!$A:$A, $A67, 'FC Sorting 60d'!$B:$B, $B67) | E67: =SUMIFS('FC Sorting 60d'!AA:AA, 'FC Sorting 60d'!$A:$A, $A67, 'FC Sorting 60d'!$B:$B, $B67) | F67: =SUMIFS('FC Sorting 60d'!AB:AB, 'FC Sorting 60d'!$A:$A, $A67, 'FC Sorting 60d'!$B:$B, $B67) | G67: =SUMIFS('FC Sorting 60d'!AC:AC, 'FC Sorting 60d'!$A:$A, $A67, 'FC Sorting 60d'!$B:$B, $B67) | H67: =SUMIFS('FC Sorting 60d'!AD:AD, 'FC Sorting 60d'!$A:$A, $A67, 'FC Sorting 60d'!$B:$B, $B67) | I67: =SUMIFS('FC Sorting 60d'!AE:AE, 'FC Sorting 60d'!$A:$A, $A67, 'FC Sorting 60d'!$B:$B, $B67) | J67: =SUMIFS('FC Sorting 60d'!AF:AF, 'FC Sorting 60d'!$A:$A, $A67, 'FC Sorting 60d'!$B:$B, $B67) | K67: =SUMIFS('FC Sorting 60d'!AG:AG, 'FC Sorting 60d'!$A:$A, $A67, 'FC Sorting 60d'!$B:$B, $B67) | L67: =SUMIFS('FC Sorting 60d'!AH:AH, 'FC Sorting 60d'!$A:$A, $A67, 'FC Sorting 60d'!$B:$B, $B67) | M67: =SUM(C67:L67) | N67: =AVERAGE(C67:L67)
A68: Kho Trung Chuyển Khánh Hòa | B68: Total | C68: =SUMIFS('FC Sorting 60d'!Y:Y, 'FC Sorting 60d'!$A:$A, $A68, 'FC Sorting 60d'!$B:$B, $B68) | D68: =SUMIFS('FC Sorting 60d'!Z:Z, 'FC Sorting 60d'!$A:$A, $A68, 'FC Sorting 60d'!$B:$B, $B68) | E68: =SUMIFS('FC Sorting 60d'!AA:AA, 'FC Sorting 60d'!$A:$A, $A68, 'FC Sorting 60d'!$B:$B, $B68) | F68: =SUMIFS('FC Sorting 60d'!AB:AB, 'FC Sorting 60d'!$A:$A, $A68, 'FC Sorting 60d'!$B:$B, $B68) | G68: =SUMIFS('FC Sorting 60d'!AC:AC, 'FC Sorting 60d'!$A:$A, $A68, 'FC Sorting 60d'!$B:$B, $B68) | H68: =SUMIFS('FC Sorting 60d'!AD:AD, 'FC Sorting 60d'!$A:$A, $A68, 'FC Sorting 60d'!$B:$B, $B68) | I68: =SUMIFS('FC Sorting 60d'!AE:AE, 'FC Sorting 60d'!$A:$A, $A68, 'FC Sorting 60d'!$B:$B, $B68) | J68: =SUMIFS('FC Sorting 60d'!AF:AF, 'FC Sorting 60d'!$A:$A, $A68, 'FC Sorting 60d'!$B:$B, $B68) | K68: =SUMIFS('FC Sorting 60d'!AG:AG, 'FC Sorting 60d'!$A:$A, $A68, 'FC Sorting 60d'!$B:$B, $B68) | L68: =SUMIFS('FC Sorting 60d'!AH:AH, 'FC Sorting 60d'!$A:$A, $A68, 'FC Sorting 60d'!$B:$B, $B68) | M68: =SUM(C68:L68) | N68: =AVERAGE(C68:L68)
A69: Kho Chuyển Tiếp Bình Thuận | B69: Normal | C69: =SUMIFS('FC Sorting 60d'!Y:Y, 'FC Sorting 60d'!$A:$A, $A69, 'FC Sorting 60d'!$B:$B, $B69) | D69: =SUMIFS('FC Sorting 60d'!Z:Z, 'FC Sorting 60d'!$A:$A, $A69, 'FC Sorting 60d'!$B:$B, $B69) | E69: =SUMIFS('FC Sorting 60d'!AA:AA, 'FC Sorting 60d'!$A:$A, $A69, 'FC Sorting 60d'!$B:$B, $B69) | F69: =SUMIFS('FC Sorting 60d'!AB:AB, 'FC Sorting 60d'!$A:$A, $A69, 'FC Sorting 60d'!$B:$B, $B69) | G69: =SUMIFS('FC Sorting 60d'!AC:AC, 'FC Sorting 60d'!$A:$A, $A69, 'FC Sorting 60d'!$B:$B, $B69) | H69: =SUMIFS('FC Sorting 60d'!AD:AD, 'FC Sorting 60d'!$A:$A, $A69, 'FC Sorting 60d'!$B:$B, $B69) | I69: =SUMIFS('FC Sorting 60d'!AE:AE, 'FC Sorting 60d'!$A:$A, $A69, 'FC Sorting 60d'!$B:$B, $B69) | J69: =SUMIFS('FC Sorting 60d'!AF:AF, 'FC Sorting 60d'!$A:$A, $A69, 'FC Sorting 60d'!$B:$B, $B69) | K69: =SUMIFS('FC Sorting 60d'!AG:AG, 'FC Sorting 60d'!$A:$A, $A69, 'FC Sorting 60d'!$B:$B, $B69) | L69: =SUMIFS('FC Sorting 60d'!AH:AH, 'FC Sorting 60d'!$A:$A, $A69, 'FC Sorting 60d'!$B:$B, $B69) | M69: =SUM(C69:L69) | N69: =AVERAGE(C69:L69)
A70: Kho Chuyển Tiếp Bình Thuận | B70: Bulky | C70: =SUMIFS('FC Sorting 60d'!Y:Y, 'FC Sorting 60d'!$A:$A, $A70, 'FC Sorting 60d'!$B:$B, $B70) | D70: =SUMIFS('FC Sorting 60d'!Z:Z, 'FC Sorting 60d'!$A:$A, $A70, 'FC Sorting 60d'!$B:$B, $B70) | E70: =SUMIFS('FC Sorting 60d'!AA:AA, 'FC Sorting 60d'!$A:$A, $A70, 'FC Sorting 60d'!$B:$B, $B70) | F70: =SUMIFS('FC Sorting 60d'!AB:AB, 'FC Sorting 60d'!$A:$A, $A70, 'FC Sorting 60d'!$B:$B, $B70) | G70: =SUMIFS('FC Sorting 60d'!AC:AC, 'FC Sorting 60d'!$A:$A, $A70, 'FC Sorting 60d'!$B:$B, $B70) | H70: =SUMIFS('FC Sorting 60d'!AD:AD, 'FC Sorting 60d'!$A:$A, $A70, 'FC Sorting 60d'!$B:$B, $B70) | I70: =SUMIFS('FC Sorting 60d'!AE:AE, 'FC Sorting 60d'!$A:$A, $A70, 'FC Sorting 60d'!$B:$B, $B70) | J70: =SUMIFS('FC Sorting 60d'!AF:AF, 'FC Sorting 60d'!$A:$A, $A70, 'FC Sorting 60d'!$B:$B, $B70) | K70: =SUMIFS('FC Sorting 60d'!AG:AG, 'FC Sorting 60d'!$A:$A, $A70, 'FC Sorting 60d'!$B:$B, $B70) | L70: =SUMIFS('FC Sorting 60d'!AH:AH, 'FC Sorting 60d'!$A:$A, $A70, 'FC Sorting 60d'!$B:$B, $B70) | M70: =SUM(C70:L70) | N70: =AVERAGE(C70:L70)
A71: Kho Chuyển Tiếp Bình Thuận | B71: Freight | C71: =SUMIFS('FC Sorting 60d'!Y:Y, 'FC Sorting 60d'!$A:$A, $A71, 'FC Sorting 60d'!$B:$B, $B71) | D71: =SUMIFS('FC Sorting 60d'!Z:Z, 'FC Sorting 60d'!$A:$A, $A71, 'FC Sorting 60d'!$B:$B, $B71) | E71: =SUMIFS('FC Sorting 60d'!AA:AA, 'FC Sorting 60d'!$A:$A, $A71, 'FC Sorting 60d'!$B:$B, $B71) | F71: =SUMIFS('FC Sorting 60d'!AB:AB, 'FC Sorting 60d'!$A:$A, $A71, 'FC Sorting 60d'!$B:$B, $B71) | G71: =SUMIFS('FC Sorting 60d'!AC:AC, 'FC Sorting 60d'!$A:$A, $A71, 'FC Sorting 60d'!$B:$B, $B71) | H71: =SUMIFS('FC Sorting 60d'!AD:AD, 'FC Sorting 60d'!$A:$A, $A71, 'FC Sorting 60d'!$B:$B, $B71) | I71: =SUMIFS('FC Sorting 60d'!AE:AE, 'FC Sorting 60d'!$A:$A, $A71, 'FC Sorting 60d'!$B:$B, $B71) | J71: =SUMIFS('FC Sorting 60d'!AF:AF, 'FC Sorting 60d'!$A:$A, $A71, 'FC Sorting 60d'!$B:$B, $B71) | K71: =SUMIFS('FC Sorting 60d'!AG:AG, 'FC Sorting 60d'!$A:$A, $A71, 'FC Sorting 60d'!$B:$B, $B71) | L71: =SUMIFS('FC Sorting 60d'!AH:AH, 'FC Sorting 60d'!$A:$A, $A71, 'FC Sorting 60d'!$B:$B, $B71) | M71: =SUM(C71:L71) | N71: =AVERAGE(C71:L71)
A72: Kho Chuyển Tiếp Bình Thuận | B72: Total | C72: =SUMIFS('FC Sorting 60d'!Y:Y, 'FC Sorting 60d'!$A:$A, $A72, 'FC Sorting 60d'!$B:$B, $B72) | D72: =SUMIFS('FC Sorting 60d'!Z:Z, 'FC Sorting 60d'!$A:$A, $A72, 'FC Sorting 60d'!$B:$B, $B72) | E72: =SUMIFS('FC Sorting 60d'!AA:AA, 'FC Sorting 60d'!$A:$A, $A72, 'FC Sorting 60d'!$B:$B, $B72) | F72: =SUMIFS('FC Sorting 60d'!AB:AB, 'FC Sorting 60d'!$A:$A, $A72, 'FC Sorting 60d'!$B:$B, $B72) | G72: =SUMIFS('FC Sorting 60d'!AC:AC, 'FC Sorting 60d'!$A:$A, $A72, 'FC Sorting 60d'!$B:$B, $B72) | H72: =SUMIFS('FC Sorting 60d'!AD:AD, 'FC Sorting 60d'!$A:$A, $A72, 'FC Sorting 60d'!$B:$B, $B72) | I72: =SUMIFS('FC Sorting 60d'!AE:AE, 'FC Sorting 60d'!$A:$A, $A72, 'FC Sorting 60d'!$B:$B, $B72) | J72: =SUMIFS('FC Sorting 60d'!AF:AF, 'FC Sorting 60d'!$A:$A, $A72, 'FC Sorting 60d'!$B:$B, $B72) | K72: =SUMIFS('FC Sorting 60d'!AG:AG, 'FC Sorting 60d'!$A:$A, $A72, 'FC Sorting 60d'!$B:$B, $B72) | L72: =SUMIFS('FC Sorting 60d'!AH:AH, 'FC Sorting 60d'!$A:$A, $A72, 'FC Sorting 60d'!$B:$B, $B72) | M72: =SUM(C72:L72) | N72: =AVERAGE(C72:L72)
A73: Kho Chuyển Tiếp Đức Trọng-Lâm Đồng | B73: Normal | C73: =SUMIFS('FC Sorting 60d'!Y:Y, 'FC Sorting 60d'!$A:$A, $A73, 'FC Sorting 60d'!$B:$B, $B73) | D73: =SUMIFS('FC Sorting 60d'!Z:Z, 'FC Sorting 60d'!$A:$A, $A73, 'FC Sorting 60d'!$B:$B, $B73) | E73: =SUMIFS('FC Sorting 60d'!AA:AA, 'FC Sorting 60d'!$A:$A, $A73, 'FC Sorting 60d'!$B:$B, $B73) | F73: =SUMIFS('FC Sorting 60d'!AB:AB, 'FC Sorting 60d'!$A:$A, $A73, 'FC Sorting 60d'!$B:$B, $B73) | G73: =SUMIFS('FC Sorting 60d'!AC:AC, 'FC Sorting 60d'!$A:$A, $A73, 'FC Sorting 60d'!$B:$B, $B73) | H73: =SUMIFS('FC Sorting 60d'!AD:AD, 'FC Sorting 60d'!$A:$A, $A73, 'FC Sorting 60d'!$B:$B, $B73) | I73: =SUMIFS('FC Sorting 60d'!AE:AE, 'FC Sorting 60d'!$A:$A, $A73, 'FC Sorting 60d'!$B:$B, $B73) | J73: =SUMIFS('FC Sorting 60d'!AF:AF, 'FC Sorting 60d'!$A:$A, $A73, 'FC Sorting 60d'!$B:$B, $B73) | K73: =SUMIFS('FC Sorting 60d'!AG:AG, 'FC Sorting 60d'!$A:$A, $A73, 'FC Sorting 60d'!$B:$B, $B73) | L73: =SUMIFS('FC Sorting 60d'!AH:AH, 'FC Sorting 60d'!$A:$A, $A73, 'FC Sorting 60d'!$B:$B, $B73) | M73: =SUM(C73:L73) | N73: =AVERAGE(C73:L73)
A74: Kho Chuyển Tiếp Đức Trọng-Lâm Đồng | B74: Bulky | C74: =SUMIFS('FC Sorting 60d'!Y:Y, 'FC Sorting 60d'!$A:$A, $A74, 'FC Sorting 60d'!$B:$B, $B74) | D74: =SUMIFS('FC Sorting 60d'!Z:Z, 'FC Sorting 60d'!$A:$A, $A74, 'FC Sorting 60d'!$B:$B, $B74) | E74: =SUMIFS('FC Sorting 60d'!AA:AA, 'FC Sorting 60d'!$A:$A, $A74, 'FC Sorting 60d'!$B:$B, $B74) | F74: =SUMIFS('FC Sorting 60d'!AB:AB, 'FC Sorting 60d'!$A:$A, $A74, 'FC Sorting 60d'!$B:$B, $B74) | G74: =SUMIFS('FC Sorting 60d'!AC:AC, 'FC Sorting 60d'!$A:$A, $A74, 'FC Sorting 60d'!$B:$B, $B74) | H74: =SUMIFS('FC Sorting 60d'!AD:AD, 'FC Sorting 60d'!$A:$A, $A74, 'FC Sorting 60d'!$B:$B, $B74) | I74: =SUMIFS('FC Sorting 60d'!AE:AE, 'FC Sorting 60d'!$A:$A, $A74, 'FC Sorting 60d'!$B:$B, $B74) | J74: =SUMIFS('FC Sorting 60d'!AF:AF, 'FC Sorting 60d'!$A:$A, $A74, 'FC Sorting 60d'!$B:$B, $B74) | K74: =SUMIFS('FC Sorting 60d'!AG:AG, 'FC Sorting 60d'!$A:$A, $A74, 'FC Sorting 60d'!$B:$B, $B74) | L74: =SUMIFS('FC Sorting 60d'!AH:AH, 'FC Sorting 60d'!$A:$A, $A74, 'FC Sorting 60d'!$B:$B, $B74) | M74: =SUM(C74:L74) | N74: =AVERAGE(C74:L74)
A75: Kho Chuyển Tiếp Đức Trọng-Lâm Đồng | B75: Freight | C75: =SUMIFS('FC Sorting 60d'!Y:Y, 'FC Sorting 60d'!$A:$A, $A75, 'FC Sorting 60d'!$B:$B, $B75) | D75: =SUMIFS('FC Sorting 60d'!Z:Z, 'FC Sorting 60d'!$A:$A, $A75, 'FC Sorting 60d'!$B:$B, $B75) | E75: =SUMIFS('FC Sorting 60d'!AA:AA, 'FC Sorting 60d'!$A:$A, $A75, 'FC Sorting 60d'!$B:$B, $B75) | F75: =SUMIFS('FC Sorting 60d'!AB:AB, 'FC Sorting 60d'!$A:$A, $A75, 'FC Sorting 60d'!$B:$B, $B75) | G75: =SUMIFS('FC Sorting 60d'!AC:AC, 'FC Sorting 60d'!$A:$A, $A75, 'FC Sorting 60d'!$B:$B, $B75) | H75: =SUMIFS('FC Sorting 60d'!AD:AD, 'FC Sorting 60d'!$A:$A, $A75, 'FC Sorting 60d'!$B:$B, $B75) | I75: =SUMIFS('FC Sorting 60d'!AE:AE, 'FC Sorting 60d'!$A:$A, $A75, 'FC Sorting 60d'!$B:$B, $B75) | J75: =SUMIFS('FC Sorting 60d'!AF:AF, 'FC Sorting 60d'!$A:$A, $A75, 'FC Sorting 60d'!$B:$B, $B75) | K75: =SUMIFS('FC Sorting 60d'!AG:AG, 'FC Sorting 60d'!$A:$A, $A75, 'FC Sorting 60d'!$B:$B, $B75) | L75: =SUMIFS('FC Sorting 60d'!AH:AH, 'FC Sorting 60d'!$A:$A, $A75, 'FC Sorting 60d'!$B:$B, $B75) | M75: =SUM(C75:L75) | N75: =AVERAGE(C75:L75)
A76: Kho Chuyển Tiếp Đức Trọng-Lâm Đồng | B76: Total | C76: =SUMIFS('FC Sorting 60d'!Y:Y, 'FC Sorting 60d'!$A:$A, $A76, 'FC Sorting 60d'!$B:$B, $B76) | D76: =SUMIFS('FC Sorting 60d'!Z:Z, 'FC Sorting 60d'!$A:$A, $A76, 'FC Sorting 60d'!$B:$B, $B76) | E76: =SUMIFS('FC Sorting 60d'!AA:AA, 'FC Sorting 60d'!$A:$A, $A76, 'FC Sorting 60d'!$B:$B, $B76) | F76: =SUMIFS('FC Sorting 60d'!AB:AB, 'FC Sorting 60d'!$A:$A, $A76, 'FC Sorting 60d'!$B:$B, $B76) | G76: =SUMIFS('FC Sorting 60d'!AC:AC, 'FC Sorting 60d'!$A:$A, $A76, 'FC Sorting 60d'!$B:$B, $B76) | H76: =SUMIFS('FC Sorting 60d'!AD:AD, 'FC Sorting 60d'!$A:$A, $A76, 'FC Sorting 60d'!$B:$B, $B76) | I76: =SUMIFS('FC Sorting 60d'!AE:AE, 'FC Sorting 60d'!$A:$A, $A76, 'FC Sorting 60d'!$B:$B, $B76) | J76: =SUMIFS('FC Sorting 60d'!AF:AF, 'FC Sorting 60d'!$A:$A, $A76, 'FC Sorting 60d'!$B:$B, $B76) | K76: =SUMIFS('FC Sorting 60d'!AG:AG, 'FC Sorting 60d'!$A:$A, $A76, 'FC Sorting 60d'!$B:$B, $B76) | L76: =SUMIFS('FC Sorting 60d'!AH:AH, 'FC Sorting 60d'!$A:$A, $A76, 'FC Sorting 60d'!$B:$B, $B76) | M76: =SUM(C76:L76) | N76: =AVERAGE(C76:L76)
... A84: Kho Chuyển Tiếp Đắk Nông | B84: Total | C84: =SUMIFS('FC Sorting 60d'!Y:Y, 'FC Sorting 60d'!$A:$A, $A84, 'FC Sorting 60d'!$B:$B, $B84) | D84: =SUMIFS('FC Sorting 60d'!Z:Z, 'FC Sorting 60d'!$A:$A, $A84, 'FC Sorting 60d'!$B:$B, $B84) | E84: =SUMIFS('FC Sorting 60d'!AA:AA, 'FC Sorting 60d'!$A:$A, $A84, 'FC Sorting 60d'!$B:$B, $B84) | F84: =SUMIFS('FC Sorting 60d'!AB:AB, 'FC Sorting 60d'!$A:$A, $A84, 'FC Sorting 60d'!$B:$B, $B84) | G84: =SUMIFS('FC Sorting 60d'!AC:AC, 'FC Sorting 60d'!$A:$A, $A84, 'FC Sorting 60d'!$B:$B, $B84) | H84: =SUMIFS('FC Sorting 60d'!AD:AD, 'FC Sorting 60d'!$A:$A, $A84, 'FC Sorting 60d'!$B:$B, $B84) | I84: =SUMIFS('FC Sorting 60d'!AE:AE, 'FC Sorting 60d'!$A:$A, $A84, 'FC Sorting 60d'!$B:$B, $B84) | J84: =SUMIFS('FC Sorting 60d'!AF:AF, 'FC Sorting 60d'!$A:$A, $A84, 'FC Sorting 60d'!$B:$B, $B84) | K84: =SUMIFS('FC Sorting 60d'!AG:AG, 'FC Sorting 60d'!$A:$A, $A84, 'FC Sorting 60d'!$B:$B, $B84) | L84: =SUMIFS('FC Sorting 60d'!AH:AH, 'FC Sorting 60d'!$A:$A, $A84, 'FC Sorting 60d'!$B:$B, $B84) | M84: =SUM(C84:L84) | N84: =AVERAGE(C84:L84)
A85: TỔNG NTB SORTING | B85: TỔNG KTC | C85: =C68+C72+C76+C80+C84 | D85: =D68+D72+D76+D80+D84 | E85: =E68+E72+E76+E80+E84 | F85: =F68+F72+F76+F80+F84 | G85: =G68+G72+G76+G80+G84 | H85: =H68+H72+H76+H80+H84 | I85: =I68+I72+I76+I80+I84 | J85: =J68+J72+J76+J80+J84 | ... N85: =N68+N72+N76+N80+N84

Sheet Thủy
A1: 1. VOLUME LẤY THEO KH (Event 8.8)
A2: Sàn / Kênh | B2: 06/08 | C2: 07/08 | D2: 08/08 | E2: 09/08 | F2: 10/08 | G2: 11/08 | H2: 12/08 | I2: 13/08 | J2: 14/08 | K2: 15/08 | L2: Tổng 10 ngày | M2: Trung bình
A3: Shopee | B3: =SUMIFS('6_FC_Lay_Daily'!AB:AB, '6_FC_Lay_Daily'!$E:$E, $A3) | C3: =SUMIFS('6_FC_Lay_Daily'!AC:AC, '6_FC_Lay_Daily'!$E:$E, $A3) | D3: =SUMIFS('6_FC_Lay_Daily'!AD:AD, '6_FC_Lay_Daily'!$E:$E, $A3) | E3: =SUMIFS('6_FC_Lay_Daily'!AE:AE, '6_FC_Lay_Daily'!$E:$E, $A3) | F3: =SUMIFS('6_FC_Lay_Daily'!AF:AF, '6_FC_Lay_Daily'!$E:$E, $A3) | G3: =SUMIFS('6_FC_Lay_Daily'!AG:AG, '6_FC_Lay_Daily'!$E:$E, $A3) | H3: =SUMIFS('6_FC_Lay_Daily'!AH:AH, '6_FC_Lay_Daily'!$E:$E, $A3) | I3: =SUMIFS('6_FC_Lay_Daily'!AI:AI, '6_FC_Lay_Daily'!$E:$E, $A3) | J3: =SUMIFS('6_FC_Lay_Daily'!AJ:AJ, '6_FC_Lay_Daily'!$E:$E, $A3) | K3: =SUMIFS('6_FC_Lay_Daily'!AK:AK, '6_FC_Lay_Daily'!$E:$E, $A3) | L3: =SUM(B3:K3) | M3: =AVERAGE(B3:K3)
A4: Shopee-Bulky | B4: =SUMIFS('6_FC_Lay_Daily'!AB:AB, '6_FC_Lay_Daily'!$E:$E, $A4) | C4: =SUMIFS('6_FC_Lay_Daily'!AC:AC, '6_FC_Lay_Daily'!$E:$E, $A4) | D4: =SUMIFS('6_FC_Lay_Daily'!AD:AD, '6_FC_Lay_Daily'!$E:$E, $A4) | E4: =SUMIFS('6_FC_Lay_Daily'!AE:AE, '6_FC_Lay_Daily'!$E:$E, $A4) | F4: =SUMIFS('6_FC_Lay_Daily'!AF:AF, '6_FC_Lay_Daily'!$E:$E, $A4) | G4: =SUMIFS('6_FC_Lay_Daily'!AG:AG, '6_FC_Lay_Daily'!$E:$E, $A4) | H4: =SUMIFS('6_FC_Lay_Daily'!AH:AH, '6_FC_Lay_Daily'!$E:$E, $A4) | I4: =SUMIFS('6_FC_Lay_Daily'!AI:AI, '6_FC_Lay_Daily'!$E:$E, $A4) | J4: =SUMIFS('6_FC_Lay_Daily'!AJ:AJ, '6_FC_Lay_Daily'!$E:$E, $A4) | K4: =SUMIFS('6_FC_Lay_Daily'!AK:AK, '6_FC_Lay_Daily'!$E:$E, $A4) | L4: =SUM(B4:K4) | M4: =AVERAGE(B4:K4)
A5: Shopee-Bulky (10-15kg) | B5: =SUMIFS('6_FC_Lay_Daily'!AB:AB, '6_FC_Lay_Daily'!$E:$E, $A5) | C5: =SUMIFS('6_FC_Lay_Daily'!AC:AC, '6_FC_Lay_Daily'!$E:$E, $A5) | D5: =SUMIFS('6_FC_Lay_Daily'!AD:AD, '6_FC_Lay_Daily'!$E:$E, $A5) | E5: =SUMIFS('6_FC_Lay_Daily'!AE:AE, '6_FC_Lay_Daily'!$E:$E, $A5) | F5: =SUMIFS('6_FC_Lay_Daily'!AF:AF, '6_FC_Lay_Daily'!$E:$E, $A5) | G5: =SUMIFS('6_FC_Lay_Daily'!AG:AG, '6_FC_Lay_Daily'!$E:$E, $A5) | H5: =SUMIFS('6_FC_Lay_Daily'!AH:AH, '6_FC_Lay_Daily'!$E:$E, $A5) | I5: =SUMIFS('6_FC_Lay_Daily'!AI:AI, '6_FC_Lay_Daily'!$E:$E, $A5) | J5: =SUMIFS('6_FC_Lay_Daily'!AJ:AJ, '6_FC_Lay_Daily'!$E:$E, $A5) | K5: =SUMIFS('6_FC_Lay_Daily'!AK:AK, '6_FC_Lay_Daily'!$E:$E, $A5) | L5: =SUM(B5:K5) | M5: =AVERAGE(B5:K5)
A6: SME | B6: =SUMIFS('6_FC_Lay_Daily'!AB:AB, '6_FC_Lay_Daily'!$E:$E, $A6) | C6: =SUMIFS('6_FC_Lay_Daily'!AC:AC, '6_FC_Lay_Daily'!$E:$E, $A6) | D6: =SUMIFS('6_FC_Lay_Daily'!AD:AD, '6_FC_Lay_Daily'!$E:$E, $A6) | E6: =SUMIFS('6_FC_Lay_Daily'!AE:AE, '6_FC_Lay_Daily'!$E:$E, $A6) | F6: =SUMIFS('6_FC_Lay_Daily'!AF:AF, '6_FC_Lay_Daily'!$E:$E, $A6) | G6: =SUMIFS('6_FC_Lay_Daily'!AG:AG, '6_FC_Lay_Daily'!$E:$E, $A6) | H6: =SUMIFS('6_FC_Lay_Daily'!AH:AH, '6_FC_Lay_Daily'!$E:$E, $A6) | I6: =SUMIFS('6_FC_Lay_Daily'!AI:AI, '6_FC_Lay_Daily'!$E:$E, $A6) | J6: =SUMIFS('6_FC_Lay_Daily'!AJ:AJ, '6_FC_Lay_Daily'!$E:$E, $A6) | K6: =SUMIFS('6_FC_Lay_Daily'!AK:AK, '6_FC_Lay_Daily'!$E:$E, $A6) | L6: =SUM(B6:K6) | M6: =AVERAGE(B6:K6)
A7: SME-Bulky | B7: =SUMIFS('6_FC_Lay_Daily'!AB:AB, '6_FC_Lay_Daily'!$E:$E, $A7) | C7: =SUMIFS('6_FC_Lay_Daily'!AC:AC, '6_FC_Lay_Daily'!$E:$E, $A7) | D7: =SUMIFS('6_FC_Lay_Daily'!AD:AD, '6_FC_Lay_Daily'!$E:$E, $A7) | E7: =SUMIFS('6_FC_Lay_Daily'!AE:AE, '6_FC_Lay_Daily'!$E:$E, $A7) | F7: =SUMIFS('6_FC_Lay_Daily'!AF:AF, '6_FC_Lay_Daily'!$E:$E, $A7) | G7: =SUMIFS('6_FC_Lay_Daily'!AG:AG, '6_FC_Lay_Daily'!$E:$E, $A7) | H7: =SUMIFS('6_FC_Lay_Daily'!AH:AH, '6_FC_Lay_Daily'!$E:$E, $A7) | I7: =SUMIFS('6_FC_Lay_Daily'!AI:AI, '6_FC_Lay_Daily'!$E:$E, $A7) | J7: =SUMIFS('6_FC_Lay_Daily'!AJ:AJ, '6_FC_Lay_Daily'!$E:$E, $A7) | K7: =SUMIFS('6_FC_Lay_Daily'!AK:AK, '6_FC_Lay_Daily'!$E:$E, $A7) | L7: =SUM(B7:K7) | M7: =AVERAGE(B7:K7)
A8: TTS | B8: =SUMIFS('6_FC_Lay_Daily'!AB:AB, '6_FC_Lay_Daily'!$E:$E, $A8) | C8: =SUMIFS('6_FC_Lay_Daily'!AC:AC, '6_FC_Lay_Daily'!$E:$E, $A8) | D8: =SUMIFS('6_FC_Lay_Daily'!AD:AD, '6_FC_Lay_Daily'!$E:$E, $A8) | E8: =SUMIFS('6_FC_Lay_Daily'!AE:AE, '6_FC_Lay_Daily'!$E:$E, $A8) | F8: =SUMIFS('6_FC_Lay_Daily'!AF:AF, '6_FC_Lay_Daily'!$E:$E, $A8) | G8: =SUMIFS('6_FC_Lay_Daily'!AG:AG, '6_FC_Lay_Daily'!$E:$E, $A8) | H8: =SUMIFS('6_FC_Lay_Daily'!AH:AH, '6_FC_Lay_Daily'!$E:$E, $A8) | I8: =SUMIFS('6_FC_Lay_Daily'!AI:AI, '6_FC_Lay_Daily'!$E:$E, $A8) | J8: =SUMIFS('6_FC_Lay_Daily'!AJ:AJ, '6_FC_Lay_Daily'!$E:$E, $A8) | K8: =SUMIFS('6_FC_Lay_Daily'!AK:AK, '6_FC_Lay_Daily'!$E:$E, $A8) | L8: =SUM(B8:K8) | M8: =AVERAGE(B8:K8)
A9: TTS-Bulky | B9: =SUMIFS('6_FC_Lay_Daily'!AB:AB, '6_FC_Lay_Daily'!$E:$E, $A9) | C9: =SUMIFS('6_FC_Lay_Daily'!AC:AC, '6_FC_Lay_Daily'!$E:$E, $A9) | D9: =SUMIFS('6_FC_Lay_Daily'!AD:AD, '6_FC_Lay_Daily'!$E:$E, $A9) | E9: =SUMIFS('6_FC_Lay_Daily'!AE:AE, '6_FC_Lay_Daily'!$E:$E, $A9) | F9: =SUMIFS('6_FC_Lay_Daily'!AF:AF, '6_FC_Lay_Daily'!$E:$E, $A9) | G9: =SUMIFS('6_FC_Lay_Daily'!AG:AG, '6_FC_Lay_Daily'!$E:$E, $A9) | H9: =SUMIFS('6_FC_Lay_Daily'!AH:AH, '6_FC_Lay_Daily'!$E:$E, $A9) | I9: =SUMIFS('6_FC_Lay_Daily'!AI:AI, '6_FC_Lay_Daily'!$E:$E, $A9) | J9: =SUMIFS('6_FC_Lay_Daily'!AJ:AJ, '6_FC_Lay_Daily'!$E:$E, $A9) | K9: =SUMIFS('6_FC_Lay_Daily'!AK:AK, '6_FC_Lay_Daily'!$E:$E, $A9) | L9: =SUM(B9:K9) | M9: =AVERAGE(B9:K9)
A10: Grand Total | B10: =SUM(B3:B9) | C10: =SUM(C3:C9) | D10: =SUM(D3:D9) | E10: =SUM(E3:E9) | F10: =SUM(F3:F9) | G10: =SUM(G3:G9) | H10: =SUM(H3:H9) | I10: =SUM(I3:I9) | ... M10: =SUM(M3:M9)
A13: 2. VOLUME LẤY THEO TỈNH (Event 8.8)
A14: Tỉnh / Quận | B14: 06/08 | C14: 07/08 | D14: 08/08 | E14: 09/08 | F14: 10/08 | G14: 11/08 | H14: 12/08 | I14: 13/08 | J14: 14/08 | K14: 15/08 | L14: Tổng 10 ngày | M14: Trung bình
A15: Bình Thuận | B15: =SUMIFS('6_FC_Lay_Daily'!AB:AB, '6_FC_Lay_Daily'!$B:$B, $A15) | C15: =SUMIFS('6_FC_Lay_Daily'!AC:AC, '6_FC_Lay_Daily'!$B:$B, $A15) | D15: =SUMIFS('6_FC_Lay_Daily'!AD:AD, '6_FC_Lay_Daily'!$B:$B, $A15) | E15: =SUMIFS('6_FC_Lay_Daily'!AE:AE, '6_FC_Lay_Daily'!$B:$B, $A15) | F15: =SUMIFS('6_FC_Lay_Daily'!AF:AF, '6_FC_Lay_Daily'!$B:$B, $A15) | G15: =SUMIFS('6_FC_Lay_Daily'!AG:AG, '6_FC_Lay_Daily'!$B:$B, $A15) | H15: =SUMIFS('6_FC_Lay_Daily'!AH:AH, '6_FC_Lay_Daily'!$B:$B, $A15) | I15: =SUMIFS('6_FC_Lay_Daily'!AI:AI, '6_FC_Lay_Daily'!$B:$B, $A15) | J15: =SUMIFS('6_FC_Lay_Daily'!AJ:AJ, '6_FC_Lay_Daily'!$B:$B, $A15) | K15: =SUMIFS('6_FC_Lay_Daily'!AK:AK, '6_FC_Lay_Daily'!$B:$B, $A15) | L15: =SUM(B15:K15) | M15: =AVERAGE(B15:K15)
A16: Khánh Hòa | B16: =SUMIFS('6_FC_Lay_Daily'!AB:AB, '6_FC_Lay_Daily'!$B:$B, $A16) | C16: =SUMIFS('6_FC_Lay_Daily'!AC:AC, '6_FC_Lay_Daily'!$B:$B, $A16) | D16: =SUMIFS('6_FC_Lay_Daily'!AD:AD, '6_FC_Lay_Daily'!$B:$B, $A16) | E16: =SUMIFS('6_FC_Lay_Daily'!AE:AE, '6_FC_Lay_Daily'!$B:$B, $A16) | F16: =SUMIFS('6_FC_Lay_Daily'!AF:AF, '6_FC_Lay_Daily'!$B:$B, $A16) | G16: =SUMIFS('6_FC_Lay_Daily'!AG:AG, '6_FC_Lay_Daily'!$B:$B, $A16) | H16: =SUMIFS('6_FC_Lay_Daily'!AH:AH, '6_FC_Lay_Daily'!$B:$B, $A16) | I16: =SUMIFS('6_FC_Lay_Daily'!AI:AI, '6_FC_Lay_Daily'!$B:$B, $A16) | J16: =SUMIFS('6_FC_Lay_Daily'!AJ:AJ, '6_FC_Lay_Daily'!$B:$B, $A16) | K16: =SUMIFS('6_FC_Lay_Daily'!AK:AK, '6_FC_Lay_Daily'!$B:$B, $A16) | L16: =SUM(B16:K16) | M16: =AVERAGE(B16:K16)
A17: Lâm Đồng | B17: =SUMIFS('6_FC_Lay_Daily'!AB:AB, '6_FC_Lay_Daily'!$B:$B, $A17) | C17: =SUMIFS('6_FC_Lay_Daily'!AC:AC, '6_FC_Lay_Daily'!$B:$B, $A17) | D17: =SUMIFS('6_FC_Lay_Daily'!AD:AD, '6_FC_Lay_Daily'!$B:$B, $A17) | E17: =SUMIFS('6_FC_Lay_Daily'!AE:AE, '6_FC_Lay_Daily'!$B:$B, $A17) | F17: =SUMIFS('6_FC_Lay_Daily'!AF:AF, '6_FC_Lay_Daily'!$B:$B, $A17) | G17: =SUMIFS('6_FC_Lay_Daily'!AG:AG, '6_FC_Lay_Daily'!$B:$B, $A17) | H17: =SUMIFS('6_FC_Lay_Daily'!AH:AH, '6_FC_Lay_Daily'!$B:$B, $A17) | I17: =SUMIFS('6_FC_Lay_Daily'!AI:AI, '6_FC_Lay_Daily'!$B:$B, $A17) | J17: =SUMIFS('6_FC_Lay_Daily'!AJ:AJ, '6_FC_Lay_Daily'!$B:$B, $A17) | K17: =SUMIFS('6_FC_Lay_Daily'!AK:AK, '6_FC_Lay_Daily'!$B:$B, $A17) | L17: =SUM(B17:K17) | M17: =AVERAGE(B17:K17)
A18: Ninh Thuận | B18: =SUMIFS('6_FC_Lay_Daily'!AB:AB, '6_FC_Lay_Daily'!$B:$B, $A18) | C18: =SUMIFS('6_FC_Lay_Daily'!AC:AC, '6_FC_Lay_Daily'!$B:$B, $A18) | D18: =SUMIFS('6_FC_Lay_Daily'!AD:AD, '6_FC_Lay_Daily'!$B:$B, $A18) | E18: =SUMIFS('6_FC_Lay_Daily'!AE:AE, '6_FC_Lay_Daily'!$B:$B, $A18) | F18: =SUMIFS('6_FC_Lay_Daily'!AF:AF, '6_FC_Lay_Daily'!$B:$B, $A18) | G18: =SUMIFS('6_FC_Lay_Daily'!AG:AG, '6_FC_Lay_Daily'!$B:$B, $A18) | H18: =SUMIFS('6_FC_Lay_Daily'!AH:AH, '6_FC_Lay_Daily'!$B:$B, $A18) | I18: =SUMIFS('6_FC_Lay_Daily'!AI:AI, '6_FC_Lay_Daily'!$B:$B, $A18) | J18: =SUMIFS('6_FC_Lay_Daily'!AJ:AJ, '6_FC_Lay_Daily'!$B:$B, $A18) | K18: =SUMIFS('6_FC_Lay_Daily'!AK:AK, '6_FC_Lay_Daily'!$B:$B, $A18) | L18: =SUM(B18:K18) | M18: =AVERAGE(B18:K18)
A19: Đắk Nông | B19: =SUMIFS('6_FC_Lay_Daily'!AB:AB, '6_FC_Lay_Daily'!$B:$B, $A19) | C19: =SUMIFS('6_FC_Lay_Daily'!AC:AC, '6_FC_Lay_Daily'!$B:$B, $A19) | D19: =SUMIFS('6_FC_Lay_Daily'!AD:AD, '6_FC_Lay_Daily'!$B:$B, $A19) | E19: =SUMIFS('6_FC_Lay_Daily'!AE:AE, '6_FC_Lay_Daily'!$B:$B, $A19) | F19: =SUMIFS('6_FC_Lay_Daily'!AF:AF, '6_FC_Lay_Daily'!$B:$B, $A19) | G19: =SUMIFS('6_FC_Lay_Daily'!AG:AG, '6_FC_Lay_Daily'!$B:$B, $A19) | H19: =SUMIFS('6_FC_Lay_Daily'!AH:AH, '6_FC_Lay_Daily'!$B:$B, $A19) | I19: =SUMIFS('6_FC_Lay_Daily'!AI:AI, '6_FC_Lay_Daily'!$B:$B, $A19) | J19: =SUMIFS('6_FC_Lay_Daily'!AJ:AJ, '6_FC_Lay_Daily'!$B:$B, $A19) | K19: =SUMIFS('6_FC_Lay_Daily'!AK:AK, '6_FC_Lay_Daily'!$B:$B, $A19) | L19: =SUM(B19:K19) | M19: =AVERAGE(B19:K19)
A20: Grand Total | B20: =SUM(B15:B19) | C20: =SUM(C15:C19) | D20: =SUM(D15:D19) | E20: =SUM(E15:E19) | F20: =SUM(F15:F19) | G20: =SUM(G15:G19) | H20: =SUM(H15:H19) | I20: =SUM(I15:I19) | ... M20: =SUM(M15:M19)
A23: 3. VOLUME GIAO THEO KH (Event 8.8)
A24: Sàn / Kênh | B24: 06/08 | C24: 07/08 | D24: 08/08 | E24: 09/08 | F24: 10/08 | G24: 11/08 | H24: 12/08 | I24: 13/08 | J24: 14/08 | K24: 15/08 | L24: Tổng 10 ngày | M24: Trung bình
A25: Shopee | B25: =SUMIFS('7_FC_Giao_Daily'!AB:AB, '7_FC_Giao_Daily'!$E:$E, $A25) | C25: =SUMIFS('7_FC_Giao_Daily'!AC:AC, '7_FC_Giao_Daily'!$E:$E, $A25) | D25: =SUMIFS('7_FC_Giao_Daily'!AD:AD, '7_FC_Giao_Daily'!$E:$E, $A25) | E25: =SUMIFS('7_FC_Giao_Daily'!AE:AE, '7_FC_Giao_Daily'!$E:$E, $A25) | F25: =SUMIFS('7_FC_Giao_Daily'!AF:AF, '7_FC_Giao_Daily'!$E:$E, $A25) | G25: =SUMIFS('7_FC_Giao_Daily'!AG:AG, '7_FC_Giao_Daily'!$E:$E, $A25) | H25: =SUMIFS('7_FC_Giao_Daily'!AH:AH, '7_FC_Giao_Daily'!$E:$E, $A25) | I25: =SUMIFS('7_FC_Giao_Daily'!AI:AI, '7_FC_Giao_Daily'!$E:$E, $A25) | J25: =SUMIFS('7_FC_Giao_Daily'!AJ:AJ, '7_FC_Giao_Daily'!$E:$E, $A25) | K25: =SUMIFS('7_FC_Giao_Daily'!AK:AK, '7_FC_Giao_Daily'!$E:$E, $A25) | L25: =SUM(B25:K25) | M25: =AVERAGE(B25:K25)
A26: Shopee-Bulky | B26: =SUMIFS('7_FC_Giao_Daily'!AB:AB, '7_FC_Giao_Daily'!$E:$E, $A26) | C26: =SUMIFS('7_FC_Giao_Daily'!AC:AC, '7_FC_Giao_Daily'!$E:$E, $A26) | D26: =SUMIFS('7_FC_Giao_Daily'!AD:AD, '7_FC_Giao_Daily'!$E:$E, $A26) | E26: =SUMIFS('7_FC_Giao_Daily'!AE:AE, '7_FC_Giao_Daily'!$E:$E, $A26) | F26: =SUMIFS('7_FC_Giao_Daily'!AF:AF, '7_FC_Giao_Daily'!$E:$E, $A26) | G26: =SUMIFS('7_FC_Giao_Daily'!AG:AG, '7_FC_Giao_Daily'!$E:$E, $A26) | H26: =SUMIFS('7_FC_Giao_Daily'!AH:AH, '7_FC_Giao_Daily'!$E:$E, $A26) | I26: =SUMIFS('7_FC_Giao_Daily'!AI:AI, '7_FC_Giao_Daily'!$E:$E, $A26) | J26: =SUMIFS('7_FC_Giao_Daily'!AJ:AJ, '7_FC_Giao_Daily'!$E:$E, $A26) | K26: =SUMIFS('7_FC_Giao_Daily'!AK:AK, '7_FC_Giao_Daily'!$E:$E, $A26) | L26: =SUM(B26:K26) | M26: =AVERAGE(B26:K26)
A27: Shopee-Bulky (10-15kg) | B27: =SUMIFS('7_FC_Giao_Daily'!AB:AB, '7_FC_Giao_Daily'!$E:$E, $A27) | C27: =SUMIFS('7_FC_Giao_Daily'!AC:AC, '7_FC_Giao_Daily'!$E:$E, $A27) | D27: =SUMIFS('7_FC_Giao_Daily'!AD:AD, '7_FC_Giao_Daily'!$E:$E, $A27) | E27: =SUMIFS('7_FC_Giao_Daily'!AE:AE, '7_FC_Giao_Daily'!$E:$E, $A27) | F27: =SUMIFS('7_FC_Giao_Daily'!AF:AF, '7_FC_Giao_Daily'!$E:$E, $A27) | G27: =SUMIFS('7_FC_Giao_Daily'!AG:AG, '7_FC_Giao_Daily'!$E:$E, $A27) | H27: =SUMIFS('7_FC_Giao_Daily'!AH:AH, '7_FC_Giao_Daily'!$E:$E, $A27) | I27: =SUMIFS('7_FC_Giao_Daily'!AI:AI, '7_FC_Giao_Daily'!$E:$E, $A27) | J27: =SUMIFS('7_FC_Giao_Daily'!AJ:AJ, '7_FC_Giao_Daily'!$E:$E, $A27) | K27: =SUMIFS('7_FC_Giao_Daily'!AK:AK, '7_FC_Giao_Daily'!$E:$E, $A27) | L27: =SUM(B27:K27) | M27: =AVERAGE(B27:K27)
A28: SME | B28: =SUMIFS('7_FC_Giao_Daily'!AB:AB, '7_FC_Giao_Daily'!$E:$E, $A28) | C28: =SUMIFS('7_FC_Giao_Daily'!AC:AC, '7_FC_Giao_Daily'!$E:$E, $A28) | D28: =SUMIFS('7_FC_Giao_Daily'!AD:AD, '7_FC_Giao_Daily'!$E:$E, $A28) | E28: =SUMIFS('7_FC_Giao_Daily'!AE:AE, '7_FC_Giao_Daily'!$E:$E, $A28) | F28: =SUMIFS('7_FC_Giao_Daily'!AF:AF, '7_FC_Giao_Daily'!$E:$E, $A28) | G28: =SUMIFS('7_FC_Giao_Daily'!AG:AG, '7_FC_Giao_Daily'!$E:$E, $A28) | H28: =SUMIFS('7_FC_Giao_Daily'!AH:AH, '7_FC_Giao_Daily'!$E:$E, $A28) | I28: =SUMIFS('7_FC_Giao_Daily'!AI:AI, '7_FC_Giao_Daily'!$E:$E, $A28) | J28: =SUMIFS('7_FC_Giao_Daily'!AJ:AJ, '7_FC_Giao_Daily'!$E:$E, $A28) | K28: =SUMIFS('7_FC_Giao_Daily'!AK:AK, '7_FC_Giao_Daily'!$E:$E, $A28) | L28: =SUM(B28:K28) | M28: =AVERAGE(B28:K28)
A29: SME-Bulky | B29: =SUMIFS('7_FC_Giao_Daily'!AB:AB, '7_FC_Giao_Daily'!$E:$E, $A29) | C29: =SUMIFS('7_FC_Giao_Daily'!AC:AC, '7_FC_Giao_Daily'!$E:$E, $A29) | D29: =SUMIFS('7_FC_Giao_Daily'!AD:AD, '7_FC_Giao_Daily'!$E:$E, $A29) | E29: =SUMIFS('7_FC_Giao_Daily'!AE:AE, '7_FC_Giao_Daily'!$E:$E, $A29) | F29: =SUMIFS('7_FC_Giao_Daily'!AF:AF, '7_FC_Giao_Daily'!$E:$E, $A29) | G29: =SUMIFS('7_FC_Giao_Daily'!AG:AG, '7_FC_Giao_Daily'!$E:$E, $A29) | H29: =SUMIFS('7_FC_Giao_Daily'!AH:AH, '7_FC_Giao_Daily'!$E:$E, $A29) | I29: =SUMIFS('7_FC_Giao_Daily'!AI:AI, '7_FC_Giao_Daily'!$E:$E, $A29) | J29: =SUMIFS('7_FC_Giao_Daily'!AJ:AJ, '7_FC_Giao_Daily'!$E:$E, $A29) | K29: =SUMIFS('7_FC_Giao_Daily'!AK:AK, '7_FC_Giao_Daily'!$E:$E, $A29) | L29: =SUM(B29:K29) | M29: =AVERAGE(B29:K29)
A30: TTS | B30: =SUMIFS('7_FC_Giao_Daily'!AB:AB, '7_FC_Giao_Daily'!$E:$E, $A30) | C30: =SUMIFS('7_FC_Giao_Daily'!AC:AC, '7_FC_Giao_Daily'!$E:$E, $A30) | D30: =SUMIFS('7_FC_Giao_Daily'!AD:AD, '7_FC_Giao_Daily'!$E:$E, $A30) | E30: =SUMIFS('7_FC_Giao_Daily'!AE:AE, '7_FC_Giao_Daily'!$E:$E, $A30) | F30: =SUMIFS('7_FC_Giao_Daily'!AF:AF, '7_FC_Giao_Daily'!$E:$E, $A30) | G30: =SUMIFS('7_FC_Giao_Daily'!AG:AG, '7_FC_Giao_Daily'!$E:$E, $A30) | H30: =SUMIFS('7_FC_Giao_Daily'!AH:AH, '7_FC_Giao_Daily'!$E:$E, $A30) | I30: =SUMIFS('7_FC_Giao_Daily'!AI:AI, '7_FC_Giao_Daily'!$E:$E, $A30) | J30: =SUMIFS('7_FC_Giao_Daily'!AJ:AJ, '7_FC_Giao_Daily'!$E:$E, $A30) | K30: =SUMIFS('7_FC_Giao_Daily'!AK:AK, '7_FC_Giao_Daily'!$E:$E, $A30) | L30: =SUM(B30:K30) | M30: =AVERAGE(B30:K30)
A31: TTS-Bulky | B31: =SUMIFS('7_FC_Giao_Daily'!AB:AB, '7_FC_Giao_Daily'!$E:$E, $A31) | C31: =SUMIFS('7_FC_Giao_Daily'!AC:AC, '7_FC_Giao_Daily'!$E:$E, $A31) | D31: =SUMIFS('7_FC_Giao_Daily'!AD:AD, '7_FC_Giao_Daily'!$E:$E, $A31) | E31: =SUMIFS('7_FC_Giao_Daily'!AE:AE, '7_FC_Giao_Daily'!$E:$E, $A31) | F31: =SUMIFS('7_FC_Giao_Daily'!AF:AF, '7_FC_Giao_Daily'!$E:$E, $A31) | G31: =SUMIFS('7_FC_Giao_Daily'!AG:AG, '7_FC_Giao_Daily'!$E:$E, $A31) | H31: =SUMIFS('7_FC_Giao_Daily'!AH:AH, '7_FC_Giao_Daily'!$E:$E, $A31) | I31: =SUMIFS('7_FC_Giao_Daily'!AI:AI, '7_FC_Giao_Daily'!$E:$E, $A31) | J31: =SUMIFS('7_FC_Giao_Daily'!AJ:AJ, '7_FC_Giao_Daily'!$E:$E, $A31) | K31: =SUMIFS('7_FC_Giao_Daily'!AK:AK, '7_FC_Giao_Daily'!$E:$E, $A31) | L31: =SUM(B31:K31) | M31: =AVERAGE(B31:K31)
A32: Grand Total | B32: =SUM(B25:B31) | C32: =SUM(C25:C31) | D32: =SUM(D25:D31) | E32: =SUM(E25:E31) | F32: =SUM(F25:F31) | G32: =SUM(G25:G31) | H32: =SUM(H25:H31) | I32: =SUM(I25:I31) | ... M32: =SUM(M25:M31)
A35: 4. VOLUME GIAO THEO TỈNH (Event 8.8)
A36: Tỉnh / Quận | B36: 06/08 | C36: 07/08 | D36: 08/08 | E36: 09/08 | F36: 10/08 | G36: 11/08 | H36: 12/08 | I36: 13/08 | J36: 14/08 | K36: 15/08 | L36: Tổng 10 ngày | M36: Trung bình
A37: Bình Thuận | B37: =SUMIFS('7_FC_Giao_Daily'!AB:AB, '7_FC_Giao_Daily'!$B:$B, $A37) | C37: =SUMIFS('7_FC_Giao_Daily'!AC:AC, '7_FC_Giao_Daily'!$B:$B, $A37) | D37: =SUMIFS('7_FC_Giao_Daily'!AD:AD, '7_FC_Giao_Daily'!$B:$B, $A37) | E37: =SUMIFS('7_FC_Giao_Daily'!AE:AE, '7_FC_Giao_Daily'!$B:$B, $A37) | F37: =SUMIFS('7_FC_Giao_Daily'!AF:AF, '7_FC_Giao_Daily'!$B:$B, $A37) | G37: =SUMIFS('7_FC_Giao_Daily'!AG:AG, '7_FC_Giao_Daily'!$B:$B, $A37) | H37: =SUMIFS('7_FC_Giao_Daily'!AH:AH, '7_FC_Giao_Daily'!$B:$B, $A37) | I37: =SUMIFS('7_FC_Giao_Daily'!AI:AI, '7_FC_Giao_Daily'!$B:$B, $A37) | J37: =SUMIFS('7_FC_Giao_Daily'!AJ:AJ, '7_FC_Giao_Daily'!$B:$B, $A37) | K37: =SUMIFS('7_FC_Giao_Daily'!AK:AK, '7_FC_Giao_Daily'!$B:$B, $A37) | L37: =SUM(B37:K37) | M37: =AVERAGE(B37:K37)
A38: Khánh Hòa | B38: =SUMIFS('7_FC_Giao_Daily'!AB:AB, '7_FC_Giao_Daily'!$B:$B, $A38) | C38: =SUMIFS('7_FC_Giao_Daily'!AC:AC, '7_FC_Giao_Daily'!$B:$B, $A38) | D38: =SUMIFS('7_FC_Giao_Daily'!AD:AD, '7_FC_Giao_Daily'!$B:$B, $A38) | E38: =SUMIFS('7_FC_Giao_Daily'!AE:AE, '7_FC_Giao_Daily'!$B:$B, $A38) | F38: =SUMIFS('7_FC_Giao_Daily'!AF:AF, '7_FC_Giao_Daily'!$B:$B, $A38) | G38: =SUMIFS('7_FC_Giao_Daily'!AG:AG, '7_FC_Giao_Daily'!$B:$B, $A38) | H38: =SUMIFS('7_FC_Giao_Daily'!AH:AH, '7_FC_Giao_Daily'!$B:$B, $A38) | I38: =SUMIFS('7_FC_Giao_Daily'!AI:AI, '7_FC_Giao_Daily'!$B:$B, $A38) | J38: =SUMIFS('7_FC_Giao_Daily'!AJ:AJ, '7_FC_Giao_Daily'!$B:$B, $A38) | K38: =SUMIFS('7_FC_Giao_Daily'!AK:AK, '7_FC_Giao_Daily'!$B:$B, $A38) | L38: =SUM(B38:K38) | M38: =AVERAGE(B38:K38)
A39: Lâm Đồng | B39: =SUMIFS('7_FC_Giao_Daily'!AB:AB, '7_FC_Giao_Daily'!$B:$B, $A39) | C39: =SUMIFS('7_FC_Giao_Daily'!AC:AC, '7_FC_Giao_Daily'!$B:$B, $A39) | D39: =SUMIFS('7_FC_Giao_Daily'!AD:AD, '7_FC_Giao_Daily'!$B:$B, $A39) | E39: =SUMIFS('7_FC_Giao_Daily'!AE:AE, '7_FC_Giao_Daily'!$B:$B, $A39) | F39: =SUMIFS('7_FC_Giao_Daily'!AF:AF, '7_FC_Giao_Daily'!$B:$B, $A39) | G39: =SUMIFS('7_FC_Giao_Daily'!AG:AG, '7_FC_Giao_Daily'!$B:$B, $A39) | H39: =SUMIFS('7_FC_Giao_Daily'!AH:AH, '7_FC_Giao_Daily'!$B:$B, $A39) | I39: =SUMIFS('7_FC_Giao_Daily'!AI:AI, '7_FC_Giao_Daily'!$B:$B, $A39) | J39: =SUMIFS('7_FC_Giao_Daily'!AJ:AJ, '7_FC_Giao_Daily'!$B:$B, $A39) | K39: =SUMIFS('7_FC_Giao_Daily'!AK:AK, '7_FC_Giao_Daily'!$B:$B, $A39) | L39: =SUM(B39:K39) | M39: =AVERAGE(B39:K39)
A40: Ninh Thuận | B40: =SUMIFS('7_FC_Giao_Daily'!AB:AB, '7_FC_Giao_Daily'!$B:$B, $A40) | C40: =SUMIFS('7_FC_Giao_Daily'!AC:AC, '7_FC_Giao_Daily'!$B:$B, $A40) | D40: =SUMIFS('7_FC_Giao_Daily'!AD:AD, '7_FC_Giao_Daily'!$B:$B, $A40) | E40: =SUMIFS('7_FC_Giao_Daily'!AE:AE, '7_FC_Giao_Daily'!$B:$B, $A40) | F40: =SUMIFS('7_FC_Giao_Daily'!AF:AF, '7_FC_Giao_Daily'!$B:$B, $A40) | G40: =SUMIFS('7_FC_Giao_Daily'!AG:AG, '7_FC_Giao_Daily'!$B:$B, $A40) | H40: =SUMIFS('7_FC_Giao_Daily'!AH:AH, '7_FC_Giao_Daily'!$B:$B, $A40) | I40: =SUMIFS('7_FC_Giao_Daily'!AI:AI, '7_FC_Giao_Daily'!$B:$B, $A40) | J40: =SUMIFS('7_FC_Giao_Daily'!AJ:AJ, '7_FC_Giao_Daily'!$B:$B, $A40) | K40: =SUMIFS('7_FC_Giao_Daily'!AK:AK, '7_FC_Giao_Daily'!$B:$B, $A40) | L40: =SUM(B40:K40) | M40: =AVERAGE(B40:K40)
A41: Đắk Nông | B41: =SUMIFS('7_FC_Giao_Daily'!AB:AB, '7_FC_Giao_Daily'!$B:$B, $A41) | C41: =SUMIFS('7_FC_Giao_Daily'!AC:AC, '7_FC_Giao_Daily'!$B:$B, $A41) | D41: =SUMIFS('7_FC_Giao_Daily'!AD:AD, '7_FC_Giao_Daily'!$B:$B, $A41) | E41: =SUMIFS('7_FC_Giao_Daily'!AE:AE, '7_FC_Giao_Daily'!$B:$B, $A41) | F41: =SUMIFS('7_FC_Giao_Daily'!AF:AF, '7_FC_Giao_Daily'!$B:$B, $A41) | G41: =SUMIFS('7_FC_Giao_Daily'!AG:AG, '7_FC_Giao_Daily'!$B:$B, $A41) | H41: =SUMIFS('7_FC_Giao_Daily'!AH:AH, '7_FC_Giao_Daily'!$B:$B, $A41) | I41: =SUMIFS('7_FC_Giao_Daily'!AI:AI, '7_FC_Giao_Daily'!$B:$B, $A41) | J41: =SUMIFS('7_FC_Giao_Daily'!AJ:AJ, '7_FC_Giao_Daily'!$B:$B, $A41) | K41: =SUMIFS('7_FC_Giao_Daily'!AK:AK, '7_FC_Giao_Daily'!$B:$B, $A41) | L41: =SUM(B41:K41) | M41: =AVERAGE(B41:K41)
A42: Grand Total | B42: =SUM(B37:B41) | C42: =SUM(C37:C41) | D42: =SUM(D37:D41) | E42: =SUM(E37:E41) | F42: =SUM(F37:F41) | G42: =SUM(G37:G41) | H42: =SUM(H37:H41) | I42: =SUM(I37:I41) | ... M42: =SUM(M37:M41)
A45: 5. BẢNG TÍNH COMBO CHART (VOLUME, TRUNG BÌNH, % TĂNG/GIẢM FC)
A46: A. FC Volume Lấy event 08.08
A47: Chỉ tiêu | B47: 06/08 | C47: 07/08 | D47: 08/08 | E47: 09/08 | F47: 10/08 | G47: 11/08 | H47: 12/08 | I47: 13/08 | J47: 14/08 | K47: 15/08 | L47: Trung bình toàn đợt
A48: Volume lấy | B48: =B10 | C48: =C10 | D48: =D10 | E48: =E10 | F48: =F10 | G48: =G10 | H48: =H10 | I48: =I10 | ... K48: =K10 | L48: =AVERAGE(B48:K48)
A49: Trung bình | B49: =$L$48 | C49: =$L$48 | D49: =$L$48 | E49: =$L$48 | F49: =$L$48 | G49: =$L$48 | H49: =$L$48 | I49: =$L$48 | ... L49: =$L$48
A50: Tăng/ giảm FC | B50: =(B48-$L$48)/$L$48 | C50: =(C48-$L$48)/$L$48 | D50: =(D48-$L$48)/$L$48 | E50: =(E48-$L$48)/$L$48 | F50: =(F48-$L$48)/$L$48 | G50: =(G48-$L$48)/$L$48 | H50: =(H48-$L$48)/$L$48 | I50: =(I48-$L$48)/$L$48 | ... K50: =(K48-$L$48)/$L$48 | L50: 0
A53: B. FC Volume Giao event 08.08
A54: Chỉ tiêu | B54: 06/08 | C54: 07/08 | D54: 08/08 | E54: 09/08 | F54: 10/08 | G54: 11/08 | H54: 12/08 | I54: 13/08 | J54: 14/08 | K54: 15/08 | L54: Trung bình toàn đợt
A55: Volume giao | B55: =B32 | C55: =C32 | D55: =D32 | E55: =E32 | F55: =F32 | G55: =G32 | H55: =H32 | I55: =I32 | ... K55: =K32 | L55: =AVERAGE(B55:K55)
A56: Trung bình | B56: =$L$55 | C56: =$L$55 | D56: =$L$55 | E56: =$L$55 | F56: =$L$55 | G56: =$L$55 | H56: =$L$55 | I56: =$L$55 | ... L56: =$L$55
A57: Tăng/ giảm FC | B57: =(B55-$L$55)/$L$55 | C57: =(C55-$L$55)/$L$55 | D57: =(D55-$L$55)/$L$55 | E57: =(E55-$L$55)/$L$55 | F57: =(F55-$L$55)/$L$55 | G57: =(G55-$L$55)/$L$55 | H57: =(H55-$L$55)/$L$55 | I57: =(I55-$L$55)/$L$55 | ... K57: =(K55-$L$55)/$L$55 | L57: 0

Sheet 0_README
A1: STT | B1: Mục | C1: Nội_Dung
A2: 0 | B2: ━━━ HƯỚNG DẪN VÙNG NTB ━━━
B3: ━━━ PHÂN BIỆT 2 NHÓM SỐ (QUAN TRỌNG) ━━━
A4: A | B4: ① Sheet 0–5: NHÓM TOPLINE (số AOP) | C4: Sản lượng theo AOP — KẾ HOẠCH KINH DOANH NĂM của Công ty. CỐ ĐỊNH dài hạn; chỉ thay đổi khi có DEAL LỚN hoặc rà soát ĐỊNH KỲ 6 THÁNG/LẦN. Đây là số trần/khung từ trên đưa xuống → Vùng CHỈ XEM, không cân chỉnh.
A5: B | B5: ② Sheet 6–7: NHÓM DỰ BÁO (Forecast) | C5: Sản lượng DỰ KIẾN HÀNG THÁNG — dự báo kết hợp: (1) kế hoạch tháng của khách hàng + (2) dữ liệu dự báo từ thực tế quá khứ. Do team Capacity TRỰC TIẾP cân chỉnh & dự báo (cùng Vùng) → cập nhật ngắn hạn + lên phương án ứng phó. Đây là số LINH HOẠT theo tháng.
B6: ↳ Tóm lại | C6: TOPLINE = khung năm cố định (AOP, đổi 6 tháng/lần). FORECAST = dự báo tháng linh hoạt (Capacity + Vùng cân chỉnh).
A7: 1 | B7: MỤC ĐÍCH | C7: File giúp Vùng nắm: (1) sản lượng B2B từng phường + BC tiếp nhận; (2) sản lượng giao của BC thường. Vùng dùng để lập kế hoạch năng lực + thuê xe khi cần.
A8: 2 | B8: CÁCH XỬ LÝ VẬN HÀNH (ngoài file)
A9: 2a | B9: BC tự giao được | C9: BC địa phương đủ năng lực (xe + nhân sự + chỗ) → BC tự xử lý.
A10: 2b | B10: BC không tự giao được | C10: Vùng sắp xếp phương án ngoài: thuê xe tải / nhờ BC khác / giải pháp năng lực phù hợp từng tuyến. Quyết định vận hành nằm ngoài file này.
A11: 3 | B11: CÁC SHEET
A12: 3a | B12: 1_Config_Chuan | C12: Cấu hình hệ thống đang chạy cho từng phường: BC lấy / BC giao, nhóm B2B, ngưỡng khối lượng cũ–mới. Chỉ để tham khảo, không sửa.
A13: 3b | B13: 3_KQ_BC_Detail | C13: Sản lượng BC thường giao (không gồm B2B), theo BC × dải khối lượng × tháng.
A14: 3c | B14: 4_KQ_B2B | C14: Sản lượng B2B phân bổ theo phường × tháng (nhóm A/B/C + ngưỡng + BC tiếp nhận). Là sản lượng phân bổ, không phải sheet thao tác.
A15: 3d | B15: 5_CuMoi_Thang | C15: So sánh sản lượng CŨ (ngưỡng GXT) và MỚI (15kg) theo từng tháng + chênh lệch số đơn để Vùng chuẩn bị năng lực.
A16: 3e | B16: 6_FC_Lay_Daily | C16: Dự báo Lấy hàng theo BC × ngày.
A17: 3f | B17: 7_FC_Giao_Daily | C17: Dự báo Giao hàng theo BC × ngày.
A18: 4 | B18: ━━━ ĐỊNH NGHĨA NHÓM B2B ━━━ | C18: Tham chiếu cột Nhóm B2B trong các sheet
A19: 4a | B19: Nhóm A — B2B xử lý 100% | C19: Toàn bộ sản lượng đủ điều kiện theo ngưỡng khối lượng được phân về B2B / Giao Hàng Nặng.
A20: 4b | B20: Nhóm B — B2B xử lý theo tỷ lệ x% | C20: Chỉ x% sản lượng đủ điều kiện theo ngưỡng được phân về B2B. Tỷ lệ x% áp cho TOÀN BỘ đơn đủ điều kiện tại phường, KHÔNG chỉ đơn Ecom.
A21: 4c | B21: Nhóm C — Không xử lý B2B | C21: Sản lượng KHÔNG phân về B2B; đi theo BC thường tùy cấu hình.
A22: 5 | B22: CŨ / MỚI là gì? | C22: CŨ = ngưỡng khối lượng GXT đang vận hành (tham khảo). MỚI = mốc 15kg thống nhất áp dụng. Phân bổ sản lượng theo mốc MỚI.
A23: 6 | B23: LIÊN HỆ | C23: Vấn đề kỹ thuật: ducbd@ghn.vn
B24: Cập nhật lần cuối | C24: 46175

Sheet 1_Config_Chuan
A1: Tỉnh | B1: Quận_ID | C1: Quận_Tên | D1: Phường_ID | E1: Phường_Tên | F1: BC_Lấy_ID | G1: BC_Lấy_Tên | H1: BC_Giao_ID | I1: BC_Giao_Tên | J1: B2B_Mở | K1: B2B_Nhóm | L1: B2B_Pct | M1: B2B_Từ_kg_CŨ_GXT | N1: B2B_Từ_kg_MỚI | O1: B2B_Status | P1: Ngày_Mở
A2: Khánh Hòa | B2: 1548 | C2: Thành phố Nha Trang | D2: 410101 | E2: Phường Lộc Thọ | F2: 20495000 | G2: Bưu Cục 40A Yết Kiêu-Nha Trang-Khánh Hòa | H2: 20495000 | I2: Bưu Cục 40A Yết Kiêu-Nha Trang-Khánh Hòa | J2: TRUE | K2: C | L2: 0 | O2: Đã mở
A3: Khánh Hòa | B3: 1548 | C3: Thành phố Nha Trang | D3: 410102 | E3: Phường Ngọc Hiệp | F3: 20320000 | G3: Bưu Cục 466 Đường 23/10-Nha Trang-Khánh Hòa | H3: 20320000 | I3: Bưu Cục 466 Đường 23/10-Nha Trang-Khánh Hòa | J3: TRUE | K3: B | L3: 0.7 | M3: 15 | N3: 15 | O3: Đã mở
A4: Khánh Hòa | B4: 1548 | C4: Thành phố Nha Trang | D4: 410103 | E4: Phường Phước Hải | F4: 22363000 | G4: Bưu Cục Đường 35 Hà Quang 1-Xã Nam Nha Trang-Khánh Hòa | H4: 22363000 | I4: Bưu Cục Đường 35 Hà Quang 1-Xã Nam Nha Trang-Khánh Hòa | J4: TRUE | K4: B | L4: 0.7 | M4: 15 | N4: 15 | O4: Đã mở
A5: Khánh Hòa | B5: 1548 | C5: Thành phố Nha Trang | D5: 410104 | E5: Phường Phước Hòa | F5: 22704000 | G5: Bưu Cục 06 Lê Hồng Phong-TP.Nha Trang-Khánh Hòa | H5: 22704000 | I5: Bưu Cục 06 Lê Hồng Phong-TP.Nha Trang-Khánh Hòa | J5: TRUE | K5: B | L5: 0.7 | M5: 20 | N5: 15 | O5: Đã mở
A6: Khánh Hòa | B6: 1548 | C6: Thành phố Nha Trang | D6: 410105 | E6: Phường Phước Long | F6: 22746000 | G6: Bưu Cục 229 Phước Long-Nam Nha Trang-Khánh Hòa | H6: 22746000 | I6: Bưu Cục 229 Phước Long-Nam Nha Trang-Khánh Hòa | J6: TRUE | K6: B | L6: 0.7 | M6: 20 | N6: 15 | O6: Đã mở
A7: Khánh Hòa | B7: 1548 | C7: Thành phố Nha Trang | D7: 410106 | E7: Phường Phước Tân | F7: 22704000 | G7: Bưu Cục 06 Lê Hồng Phong-TP.Nha Trang-Khánh Hòa | H7: 22704000 | I7: Bưu Cục 06 Lê Hồng Phong-TP.Nha Trang-Khánh Hòa | J7: TRUE | K7: C | L7: 0 | O7: Đã mở
A8: Khánh Hòa | B8: 1548 | C8: Thành phố Nha Trang | D8: 410107 | E8: Phường Phước Tiến | F8: 22704000 | G8: Bưu Cục 06 Lê Hồng Phong-TP.Nha Trang-Khánh Hòa | H8: 22704000 | I8: Bưu Cục 06 Lê Hồng Phong-TP.Nha Trang-Khánh Hòa | J8: TRUE | K8: C | L8: 0 | O8: Đã mở
A9: Khánh Hòa | B9: 1548 | C9: Thành phố Nha Trang | D9: 410108 | E9: Phường Phương Sài | F9: 22704000 | G9: Bưu Cục 06 Lê Hồng Phong-TP.Nha Trang-Khánh Hòa | H9: 22704000 | I9: Bưu Cục 06 Lê Hồng Phong-TP.Nha Trang-Khánh Hòa | J9: TRUE | K9: C | L9: 0 | O9: Đã mở
A10: Khánh Hòa | B10: 1548 | C10: Thành phố Nha Trang | D10: 410109 | E10: Phường Phương Sơn | F10: 20320000 | G10: Bưu Cục 466 Đường 23/10-Nha Trang-Khánh Hòa | H10: 20320000 | I10: Bưu Cục 466 Đường 23/10-Nha Trang-Khánh Hòa | J10: TRUE | K10: C | L10: 0 | O10: Đã mở
A11: Khánh Hòa | B11: 1548 | C11: Thành phố Nha Trang | D11: 410110 | E11: Phường Tân Lập | F11: 22704000 | G11: Bưu Cục 06 Lê Hồng Phong-TP.Nha Trang-Khánh Hòa | H11: 22704000 | I11: Bưu Cục 06 Lê Hồng Phong-TP.Nha Trang-Khánh Hòa | J11: TRUE | K11: B | L11: 0.7 | M11: 15 | N11: 15 | O11: Đã mở
A12: Khánh Hòa | B12: 1548 | C12: Thành phố Nha Trang | D12: 410111 | E12: Phường Vạn Thắng | F12: 20495000 | G12: Bưu Cục 40A Yết Kiêu-Nha Trang-Khánh Hòa | H12: 20495000 | I12: Bưu Cục 40A Yết Kiêu-Nha Trang-Khánh Hòa | J12: TRUE | K12: C | L12: 0 | O12: Đã mở
A13: Khánh Hòa | B13: 1548 | C13: Thành phố Nha Trang | D13: 410112 | E13: Phường Vạn Thạnh | F13: 20495000 | G13: Bưu Cục 40A Yết Kiêu-Nha Trang-Khánh Hòa | H13: 20495000 | I13: Bưu Cục 40A Yết Kiêu-Nha Trang-Khánh Hòa | J13: TRUE | K13: C | L13: 0 | O13: Đã mở
A14: Khánh Hòa | B14: 1548 | C14: Thành phố Nha Trang | D14: 410113 | E14: Phường Vĩnh Hải | F14: 2399 | G14: Bưu Cục 195 Đường 2/4-Nha Trang-Khánh Hòa | H14: 2399 | I14: Bưu Cục 195 Đường 2/4-Nha Trang-Khánh Hòa | J14: TRUE | K14: B | L14: 0.7 | M14: 15 | N14: 15 | O14: Đã mở
A15: Khánh Hòa | B15: 1548 | C15: Thành phố Nha Trang | D15: 410114 | E15: Phường Vĩnh Hòa | F15: 2399 | G15: Bưu Cục 195 Đường 2/4-Nha Trang-Khánh Hòa | H15: 2399 | I15: Bưu Cục 195 Đường 2/4-Nha Trang-Khánh Hòa | J15: TRUE | K15: B | L15: 0.7 | M15: 15 | N15: 15 | O15: Đã mở
A16: Khánh Hòa | B16: 1548 | C16: Thành phố Nha Trang | D16: 410115 | E16: Phường Vĩnh Nguyên | F16: 22746000 | G16: Bưu Cục 229 Phước Long-Nam Nha Trang-Khánh Hòa | H16: 22746000 | I16: Bưu Cục 229 Phước Long-Nam Nha Trang-Khánh Hòa | J16: TRUE | K16: B | L16: 0.7 | M16: 20 | N16: 15 | O16: Đã mở
A17: Khánh Hòa | B17: 1548 | C17: Thành phố Nha Trang | D17: 410116 | E17: Phường Vĩnh Phước | F17: 2399 | G17: Bưu Cục 195 Đường 2/4-Nha Trang-Khánh Hòa | H17: 2399 | I17: Bưu Cục 195 Đường 2/4-Nha Trang-Khánh Hòa | J17: TRUE | K17: B | L17: 0.7 | M17: 15 | N17: 15 | O17: Đã mở
A18: Khánh Hòa | B18: 1548 | C18: Thành phố Nha Trang | D18: 410117 | E18: Phường Vĩnh Thọ | F18: 2399 | G18: Bưu Cục 195 Đường 2/4-Nha Trang-Khánh Hòa | H18: 2399 | I18: Bưu Cục 195 Đường 2/4-Nha Trang-Khánh Hòa | J18: TRUE | K18: C | L18: 0 | O18: Đã mở
A19: Khánh Hòa | B19: 1548 | C19: Thành phố Nha Trang | D19: 410118 | E19: Phường Vĩnh Trường | F19: 22746000 | G19: Bưu Cục 229 Phước Long-Nam Nha Trang-Khánh Hòa | H19: 22746000 | I19: Bưu Cục 229 Phước Long-Nam Nha Trang-Khánh Hòa | J19: TRUE | K19: C | L19: 0 | O19: Đã mở
A20: Khánh Hòa | B20: 1548 | C20: Thành phố Nha Trang | D20: 410119 | E20: Phường Xương Huân | F20: 20495000 | G20: Bưu Cục 40A Yết Kiêu-Nha Trang-Khánh Hòa | H20: 20495000 | I20: Bưu Cục 40A Yết Kiêu-Nha Trang-Khánh Hòa | J20: TRUE | K20: C | L20: 0 | O20: Đã mở
A21: Khánh Hòa | B21: 1548 | C21: Thành phố Nha Trang | D21: 410120 | E21: Xã Phước Đồng | F21: 2502 | G21: Bưu Cục Phước Đồng-Nha Trang-Khánh Hoà | H21: 2502 | I21: Bưu Cục Phước Đồng-Nha Trang-Khánh Hoà | J21: TRUE | K21: B | L21: 0.7 | M21: 20 | N21: 15 | O21: Đã mở
A22: Khánh Hòa | B22: 1548 | C22: Thành phố Nha Trang | D22: 410121 | E22: Xã Vĩnh Hiệp | F22: 20320000 | G22: Bưu Cục 466 Đường 23/10-Nha Trang-Khánh Hòa | H22: 20320000 | I22: Bưu Cục 466 Đường 23/10-Nha Trang-Khánh Hòa | J22: TRUE | K22: B | L22: 0.7 | M22: 15 | N22: 15 | O22: Đã mở
A23: Khánh Hòa | B23: 1548 | C23: Thành phố Nha Trang | D23: 410122 | E23: Xã Vĩnh Lương | F23: 2399 | G23: Bưu Cục 195 Đường 2/4-Nha Trang-Khánh Hòa | H23: 2399 | I23: Bưu Cục 195 Đường 2/4-Nha Trang-Khánh Hòa | J23: TRUE | K23: B | L23: 0.7 | M23: 15 | N23: 15 | O23: Đã mở
A24: Khánh Hòa | B24: 1548 | C24: Thành phố Nha Trang | D24: 410123 | E24: Xã Vĩnh Ngọc | F24: 20320000 | G24: Bưu Cục 466 Đường 23/10-Nha Trang-Khánh Hòa | H24: 20320000 | I24: Bưu Cục 466 Đường 23/10-Nha Trang-Khánh Hòa | J24: TRUE | K24: C | L24: 0 | O24: Đã mở
A25: Khánh Hòa | B25: 1548 | C25: Thành phố Nha Trang | D25: 410124 | E25: Xã Vĩnh Phương | F25: 2399 | G25: Bưu Cục 195 Đường 2/4-Nha Trang-Khánh Hòa | H25: 2399 | I25: Bưu Cục 195 Đường 2/4-Nha Trang-Khánh Hòa | J25: TRUE | K25: C | L25: 0 | O25: Đã mở
A26: Khánh Hòa | B26: 1548 | C26: Thành phố Nha Trang | D26: 410125 | E26: Xã Vĩnh Thái | F26: 22363000 | G26: Bưu Cục Đường 35 Hà Quang 1-Xã Nam Nha Trang-Khánh Hòa | H26: 22363000 | I26: Bưu Cục Đường 35 Hà Quang 1-Xã Nam Nha Trang-Khánh Hòa | J26: TRUE | K26: B | L26: 0.7 | M26: 20 | N26: 15 | O26: Đã mở
A27: Khánh Hòa | B27: 1548 | C27: Thành phố Nha Trang | D27: 410126 | E27: Xã Vĩnh Thạnh | F27: 22774000 | G27: Bưu Cục Thôn Phú An Nam 2-Xã Diên Khánh-Khánh Hòa | H27: 22774000 | I27: Bưu Cục Thôn Phú An Nam 2-Xã Diên Khánh-Khánh Hòa | J27: TRUE | K27: B | L27: 0.7 | M27: 15 | N27: 15 | O27: Đã mở
A28: Khánh Hòa | B28: 1548 | C28: Thành phố Nha Trang | D28: 410127 | E28: Xã Vĩnh Trung | F28: 22774000 | G28: Bưu Cục Thôn Phú An Nam 2-Xã Diên Khánh-Khánh Hòa | H28: 22774000 | I28: Bưu Cục Thôn Phú An Nam 2-Xã Diên Khánh-Khánh Hòa | J28: TRUE | K28: C | L28: 0 | O28: Đã mở
A29: Khánh Hòa | B29: 1548 | C29: Thành phố Nha Trang | D29: 91590 | E29: Phường Tân Tiến | F29: 22704000 | G29: Bưu Cục 06 Lê Hồng Phong-TP.Nha Trang-Khánh Hòa | H29: 22704000 | I29: Bưu Cục 06 Lê Hồng Phong-TP.Nha Trang-Khánh Hòa | J29: FALSE | K29: C | L29: 0 | O29: Chưa mở
A30: Lâm Đồng | B30: 1550 | C30: Thành phố Đà Lạt | D30: 420101 | E30: Phường 1 | F30: 21687000 | G30: Bưu Cục Cao Bá Quát-Phường 7-Đà Lạt-Lâm Đồng | H30: 21687000 | I30: Bưu Cục Cao Bá Quát-Phường 7-Đà Lạt-Lâm Đồng | J30: TRUE | K30: A | L30: 1 | M30: 15 | N30: 15 | O30: Đã mở
A31: Lâm Đồng | B31: 1550 | C31: Thành phố Đà Lạt | D31: 420102 | E31: Phường 10 | F31: 22312000 | G31: Bưu Cục Số 6 Trương Văn Hoàn-Phường 9-Đà Lạt-Lâm Đồng | H31: 22312000 | I31: Bưu Cục Số 6 Trương Văn Hoàn-Phường 9-Đà Lạt-Lâm Đồng | J31: TRUE | K31: A | L31: 1 | M31: 16 | N31: 15 | O31: Đã mở
A32: Lâm Đồng | B32: 1550 | C32: Thành phố Đà Lạt | D32: 420103 | E32: Phường 11 | F32: 22116000 | G32: Bưu Cục 300 Tự Phước-Đà Lạt-Lâm Đồng | H32: 22116000 | I32: Bưu Cục 300 Tự Phước-Đà Lạt-Lâm Đồng | J32: TRUE | K32: A | L32: 1 | M32: 16 | N32: 15 | O32: Đã mở
A33: Lâm Đồng | B33: 1550 | C33: Thành phố Đà Lạt | D33: 420104 | E33: Phường 12 | F33: 22312000 | G33: Bưu Cục Số 6 Trương Văn Hoàn-Phường 9-Đà Lạt-Lâm Đồng | H33: 22312000 | I33: Bưu Cục Số 6 Trương Văn Hoàn-Phường 9-Đà Lạt-Lâm Đồng | J33: TRUE | K33: A | L33: 1 | M33: 16 | N33: 15 | O33: Đã mở
A34: Lâm Đồng | B34: 1550 | C34: Thành phố Đà Lạt | D34: 420105 | E34: Phường 2 | F34: 21687000 | G34: Bưu Cục Cao Bá Quát-Phường 7-Đà Lạt-Lâm Đồng | H34: 21130000 | I34: Kho Giao Hàng Nặng - TP Đà Lạt - Lâm Đồng | J34: TRUE | K34: A | L34: 1 | M34: 15 | N34: 15 | O34: Đã mở
A35: Lâm Đồng | B35: 1550 | C35: Thành phố Đà Lạt | D35: 420106 | E35: Phường 3 | F35: 21126000 | G35: Bưu cục Ngô Thỳ Sỹ - Đà Lạt - Lâm Đồng | H35: 21126000 | I35: Bưu cục Ngô Thỳ Sỹ - Đà Lạt - Lâm Đồng | J35: TRUE | K35: A | L35: 1 | M35: 18 | N35: 15 | O35: Đã mở
A36: Lâm Đồng | B36: 1550 | C36: Thành phố Đà Lạt | D36: 420107 | E36: Phường 4 | F36: 21126000 | G36: Bưu cục Ngô Thỳ Sỹ - Đà Lạt - Lâm Đồng | H36: 21126000 | I36: Bưu cục Ngô Thỳ Sỹ - Đà Lạt - Lâm Đồng | J36: TRUE | K36: A | L36: 1 | M36: 18 | N36: 15 | O36: Đã mở
A37: Lâm Đồng | B37: 1550 | C37: Thành phố Đà Lạt | D37: 420108 | E37: Phường 5 | F37: 21687000 | G37: Bưu Cục Cao Bá Quát-Phường 7-Đà Lạt-Lâm Đồng | H37: 21687000 | I37: Bưu Cục Cao Bá Quát-Phường 7-Đà Lạt-Lâm Đồng | J37: TRUE | K37: A | L37: 1 | M37: 15 | N37: 15 | O37: Đã mở
A38: Lâm Đồng | B38: 1550 | C38: Thành phố Đà Lạt | D38: 420109 | E38: Phường 6 | F38: 21687000 | G38: Bưu Cục Cao Bá Quát-Phường 7-Đà Lạt-Lâm Đồng | H38: 21687000 | I38: Bưu Cục Cao Bá Quát-Phường 7-Đà Lạt-Lâm Đồng | J38: TRUE | K38: A | L38: 1 | M38: 15 | N38: 15 | O38: Đã mở
A39: Lâm Đồng | B39: 1550 | C39: Thành phố Đà Lạt | D39: 420110 | E39: Phường 7 | F39: 22051000 | G39: Bưu Cục Langbiang-Lạc Dương-Lâm Đồng | H39: 22051000 | I39: Bưu Cục Langbiang-Lạc Dương-Lâm Đồng | J39: TRUE | K39: A | L39: 1 | M39: 15 | N39: 15 | O39: Đã mở
A40: Lâm Đồng | B40: 1550 | C40: Thành phố Đà Lạt | D40: 420111 | E40: Phường 8 | F40: 21537000 | G40: Bưu Cục 190/11 Phù Đổng Thiên Vương-Phường 8-Đà Lạt-Lâm Đồng | H40: 21537000 | I40: Bưu Cục 190/11 Phù Đổng Thiên Vương-Phường 8-Đà Lạt-Lâm Đồng | J40: TRUE | K40: A | L40: 1 | M40: 15 | N40: 15 | O40: Đã mở
A41: Lâm Đồng | B41: 1550 | C41: Thành phố Đà Lạt | D41: 420112 | E41: Phường 9 | F41: 22312000 | G41: Bưu Cục Số 6 Trương Văn Hoàn-Phường 9-Đà Lạt-Lâm Đồng | H41: 22312000 | I41: Bưu Cục Số 6 Trương Văn Hoàn-Phường 9-Đà Lạt-Lâm Đồng | J41: TRUE | K41: A | L41: 1 | M41: 16 | N41: 15 | O41: Đã mở
A42: Lâm Đồng | B42: 1550 | C42: Thành phố Đà Lạt | D42: 420113 | E42: Xã Tà Nung | F42: 21687000 | G42: Bưu Cục Cao Bá Quát-Phường 7-Đà Lạt-Lâm Đồng | H42: 21687000 | I42: Bưu Cục Cao Bá Quát-Phường 7-Đà Lạt-Lâm Đồng | J42: FALSE | K42: C | L42: 0 | O42: Chưa mở
A43: Lâm Đồng | B43: 1550 | C43: Thành phố Đà Lạt | D43: 420114 | E43: Xã Trạm Hành | F43: 22116000 | G43: Bưu Cục 300 Tự Phước-Đà Lạt-Lâm Đồng | H43: 22116000 | I43: Bưu Cục 300 Tự Phước-Đà Lạt-Lâm Đồng | J43: FALSE | K43: C | L43: 0 | O43: Chưa mở
A44: Lâm Đồng | B44: 1550 | C44: Thành phố Đà Lạt | D44: 420115 | E44: Xã Xuân Thọ | F44: 22116000 | G44: Bưu Cục 300 Tự Phước-Đà Lạt-Lâm Đồng | H44: 22116000 | I44: Bưu Cục 300 Tự Phước-Đà Lạt-Lâm Đồng | J44: FALSE | K44: C | L44: 0 | O44: Chưa mở
A45: Lâm Đồng | B45: 1550 | C45: Thành phố Đà Lạt | D45: 420116 | E45: Xã Xuân Trường | F45: 22116000 | G45: Bưu Cục 300 Tự Phước-Đà Lạt-Lâm Đồng | H45: 22116000 | I45: Bưu Cục 300 Tự Phước-Đà Lạt-Lâm Đồng | J45: FALSE | K45: C | L45: 0 | O45: Chưa mở
A46: Đắk Nông | B46: 1627 | C46: Thành phố Gia Nghĩa | D46: 630101 | E46: Phường Nghĩa Đức | F46: 22048000 | G46: Bưu Cục Hùng Vương-Nghĩa Trung-Gia Nghĩa-Đắk Nông | H46: 22048000 | I46: Bưu Cục Hùng Vương-Nghĩa Trung-Gia Nghĩa-Đắk Nông | J46: TRUE | K46: A | L46: 1 | M46: 15 | N46: 15 | O46: Đã mở
A47: Đắk Nông | B47: 1627 | C47: Thành phố Gia Nghĩa | D47: 630102 | E47: Phường Nghĩa Phú | F47: 22242000 | G47: Bưu Cục 53 Tôn Đức Thắng-Nghĩa Thành-Gia Nghĩa-Đắk Nông | H47: 22242000 | I47: Bưu Cục 53 Tôn Đức Thắng-Nghĩa Thành-Gia Nghĩa-Đắk Nông | J47: TRUE | K47: A | L47: 1 | M47: 15 | N47: 15 | O47: Đã mở
A48: Đắk Nông | B48: 1627 | C48: Thành phố Gia Nghĩa | D48: 630103 | E48: Phường Nghĩa Tân | F48: 22048001 | G48: Điểm Xử Lý Hàng TDP 8 Quốc Lộ 14-Đông Gia Nghĩa-Lâm Đồng | H48: 22048001 | I48: Điểm Xử Lý Hàng TDP 8 Quốc Lộ 14-Đông Gia Nghĩa-Lâm Đồng | J48: TRUE | K48: A | L48: 1 | M48: 15 | N48: 15 | O48: Đã mở
A49: Đắk Nông | B49: 1627 | C49: Thành phố Gia Nghĩa | D49: 630104 | E49: Phường Nghĩa Thành | F49: 22242000 | G49: Bưu Cục 53 Tôn Đức Thắng-Nghĩa Thành-Gia Nghĩa-Đắk Nông | H49: 22242000 | I49: Bưu Cục 53 Tôn Đức Thắng-Nghĩa Thành-Gia Nghĩa-Đắk Nông | J49: TRUE | K49: A | L49: 1 | M49: 15 | N49: 15 | O49: Đã mở
A50: Đắk Nông | B50: 1627 | C50: Thành phố Gia Nghĩa | D50: 630105 | E50: Phường Nghĩa Trung | F50: 22048000 | G50: Bưu Cục Hùng Vương-Nghĩa Trung-Gia Nghĩa-Đắk Nông | H50: 22048000 | I50: Bưu Cục Hùng Vương-Nghĩa Trung-Gia Nghĩa-Đắk Nông | J50: TRUE | K50: A | L50: 1 | M50: 15 | N50: 15 | O50: Đã mở
A51: Đắk Nông | B51: 1627 | C51: Thành phố Gia Nghĩa | D51: 630106 | E51: Xã Đắk Nia | F51: 22048000 | G51: Bưu Cục Hùng Vương-Nghĩa Trung-Gia Nghĩa-Đắk Nông | H51: 22048000 | I51: Bưu Cục Hùng Vương-Nghĩa Trung-Gia Nghĩa-Đắk Nông | J51: FALSE | K51: C | L51: 0 | O51: Chưa mở
A52: Đắk Nông | B52: 1627 | C52: Thành phố Gia Nghĩa | D52: 630107 | E52: Xã Đăk R'Moan | F52: 22242000 | G52: Bưu Cục 53 Tôn Đức Thắng-Nghĩa Thành-Gia Nghĩa-Đắk Nông | H52: 22242000 | I52: Bưu Cục 53 Tôn Đức Thắng-Nghĩa Thành-Gia Nghĩa-Đắk Nông | J52: FALSE | K52: C | L52: 0 | O52: Chưa mở
A53: Đắk Nông | B53: 1627 | C53: Thành phố Gia Nghĩa | D53: 630108 | E53: Xã Quảng Thành | F53: 22242000 | G53: Bưu Cục 53 Tôn Đức Thắng-Nghĩa Thành-Gia Nghĩa-Đắk Nông | H53: 22242000 | I53: Bưu Cục 53 Tôn Đức Thắng-Nghĩa Thành-Gia Nghĩa-Đắk Nông | J53: TRUE | K53: C | L53: 0 | O53: Đã mở
A54: Khánh Hòa | B54: 1664 | C54: Thành phố Cam Ranh | D54: 410601 | E54: Phường Ba Ngòi | F54: 22830000 | G54: Bưu Cục 56 Phan Đình Phùng-Cam Linh-Khánh Hòa | H54: 22830000 | I54: Bưu Cục 56 Phan Đình Phùng-Cam Linh-Khánh Hòa | J54: TRUE | K54: A | L54: 1 | M54: 15 | N54: 15 | O54: Đã mở
A55: Khánh Hòa | B55: 1664 | C55: Thành phố Cam Ranh | D55: 410602 | E55: Phường Cam Linh | F55: 22830000 | G55: Bưu Cục 56 Phan Đình Phùng-Cam Linh-Khánh Hòa | H55: 22830000 | I55: Bưu Cục 56 Phan Đình Phùng-Cam Linh-Khánh Hòa | J55: TRUE | K55: A | L55: 1 | M55: 15 | N55: 15 | O55: Đã mở
A56: Khánh Hòa | B56: 1664 | C56: Thành phố Cam Ranh | D56: 410603 | E56: Phường Cam Lộc | F56: 22830000 | G56: Bưu Cục 56 Phan Đình Phùng-Cam Linh-Khánh Hòa | H56: 21498000 | I56: Kho Giao Hàng Nặng - Cam Ranh - Khánh Hoà | J56: TRUE | K56: A | L56: 1 | M56: 15 | N56: 15 | O56: Đã mở
A57: Khánh Hòa | B57: 1664 | C57: Thành phố Cam Ranh | D57: 410604 | E57: Phường Cam Lợi | F57: 22830000 | G57: Bưu Cục 56 Phan Đình Phùng-Cam Linh-Khánh Hòa | H57: 22830000 | I57: Bưu Cục 56 Phan Đình Phùng-Cam Linh-Khánh Hòa | J57: TRUE | K57: A | L57: 1 | M57: 15 | N57: 15 | O57: Đã mở
A58: Khánh Hòa | B58: 1664 | C58: Thành phố Cam Ranh | D58: 410605 | E58: Phường Cam Nghĩa | F58: 21479000 | G58: Bưu Cục 571 Hùng Vương-Cam Nghĩa-TP.Cam Ranh-Khánh Hoà | H58: 21479000 | I58: Bưu Cục 571 Hùng Vương-Cam Nghĩa-TP.Cam Ranh-Khánh Hoà | J58: TRUE | K58: A | L58: 1 | M58: 15 | N58: 15 | O58: Đã mở
A59: Khánh Hòa | B59: 1664 | C59: Thành phố Cam Ranh | D59: 410606 | E59: Phường Cam Phú | F59: 22830000 | G59: Bưu Cục 56 Phan Đình Phùng-Cam Linh-Khánh Hòa | H59: 22830000 | I59: Bưu Cục 56 Phan Đình Phùng-Cam Linh-Khánh Hòa | J59: TRUE | K59: A | L59: 1 | M59: 15 | N59: 15 | O59: Đã mở
A60: Khánh Hòa | B60: 1664 | C60: Thành phố Cam Ranh | D60: 410607 | E60: Phường Cam Phúc Bắc | F60: 21479000 | G60: Bưu Cục 571 Hùng Vương-Cam Nghĩa-TP.Cam Ranh-Khánh Hoà | H60: 21479000 | I60: Bưu Cục 571 Hùng Vương-Cam Nghĩa-TP.Cam Ranh-Khánh Hoà | J60: TRUE | K60: A | L60: 1 | M60: 15 | N60: 15 | O60: Đã mở
A61: Khánh Hòa | B61: 1664 | C61: Thành phố Cam Ranh | D61: 410608 | E61: Phường Cam Phúc Nam | F61: 22830000 | G61: Bưu Cục 56 Phan Đình Phùng-Cam Linh-Khánh Hòa | H61: 22830000 | I61: Bưu Cục 56 Phan Đình Phùng-Cam Linh-Khánh Hòa | J61: TRUE | K61: A | L61: 1 | M61: 15 | N61: 15 | O61: Đã mở
A62: Khánh Hòa | B62: 1664 | C62: Thành phố Cam Ranh | D62: 410609 | E62: Phường Cam Thuận | F62: 22830000 | G62: Bưu Cục 56 Phan Đình Phùng-Cam Linh-Khánh Hòa | H62: 22830000 | I62: Bưu Cục 56 Phan Đình Phùng-Cam Linh-Khánh Hòa | J62: TRUE | K62: A | L62: 1 | M62: 15 | N62: 15 | O62: Đã mở
A63: Khánh Hòa | B63: 1664 | C63: Thành phố Cam Ranh | D63: 410610 | E63: Xã Cam Bình | F63: 22830000 | G63: Bưu Cục 56 Phan Đình Phùng-Cam Linh-Khánh Hòa | H63: 22830000 | I63: Bưu Cục 56 Phan Đình Phùng-Cam Linh-Khánh Hòa | J63: FALSE | K63: C | L63: 0 | O63: Chưa mở
A64: Khánh Hòa | B64: 1664 | C64: Thành phố Cam Ranh | D64: 410611 | E64: Xã Cam Lập | F64: 22830000 | G64: Bưu Cục 56 Phan Đình Phùng-Cam Linh-Khánh Hòa | H64: 22830000 | I64: Bưu Cục 56 Phan Đình Phùng-Cam Linh-Khánh Hòa | J64: FALSE | K64: C | L64: 0 | O64: Chưa mở
A65: Khánh Hòa | B65: 1664 | C65: Thành phố Cam Ranh | D65: 410612 | E65: Xã Cam Phước Đông | F65: 22830000 | G65: Bưu Cục 56 Phan Đình Phùng-Cam Linh-Khánh Hòa | H65: 22830000 | I65: Bưu Cục 56 Phan Đình Phùng-Cam Linh-Khánh Hòa | J65: TRUE | K65: A | L65: 1 | M65: 15 | N65: 15 | O65: Đã mở
A66: Khánh Hòa | B66: 1664 | C66: Thành phố Cam Ranh | D66: 410613 | E66: Xã Cam Thành Nam | F66: 21479000 | G66: Bưu Cục 571 Hùng Vương-Cam Nghĩa-TP.Cam Ranh-Khánh Hoà | H66: 21479000 | I66: Bưu Cục 571 Hùng Vương-Cam Nghĩa-TP.Cam Ranh-Khánh Hoà | J66: TRUE | K66: A | L66: 1 | M66: 15 | N66: 15 | O66: Đã mở
A67: Khánh Hòa | B67: 1664 | C67: Thành phố Cam Ranh | D67: 410614 | E67: Xã Cam Thịnh Đông | F67: 22830000 | G67: Bưu Cục 56 Phan Đình Phùng-Cam Linh-Khánh Hòa | H67: 22830000 | I67: Bưu Cục 56 Phan Đình Phùng-Cam Linh-Khánh Hòa | J67: FALSE | K67: C | L67: 0 | O67: Chưa mở
A68: Khánh Hòa | B68: 1664 | C68: Thành phố Cam Ranh | D68: 410615 | E68: Xã Cam Thịnh Tây | F68: 22830000 | G68: Bưu Cục 56 Phan Đình Phùng-Cam Linh-Khánh Hòa | H68: 22830000 | I68: Bưu Cục 56 Phan Đình Phùng-Cam Linh-Khánh Hòa | J68: FALSE | K68: C | L68: 0 | O68: Chưa mở
A69: Ninh Thuận | B69: 1665 | C69: Thành phố Phan Rang – Tháp Chàm | D69: 450101 | E69: Phường Bảo An | F69: 20150000 | G69: Bưu Cục 254A Đường 21 tháng 8-Phan Rang-Tháp Chàm-Ninh Thuận | H69: 20150000 | I69: Bưu Cục 254A Đường 21 tháng 8-Phan Rang-Tháp Chàm-Ninh Thuận | J69: TRUE | K69: A | L69: 1 | M69: 15 | N69: 15 | O69: Đã mở
A70: Ninh Thuận | B70: 1665 | C70: Thành phố Phan Rang – Tháp Chàm | D70: 450102 | E70: Phường Đài Sơn | F70: 22861000 | G70: Bưu Cục 95 Thống Nhất-Phan Rang-Ninh Thuận | H70: 22861000 | I70: Bưu Cục 95 Thống Nhất-Phan Rang-Ninh Thuận | J70: TRUE | K70: A | L70: 1 | M70: 15 | N70: 15 | O70: Đã mở
A71: Ninh Thuận | B71: 1665 | C71: Thành phố Phan Rang – Tháp Chàm | D71: 450103 | E71: Phường Đạo Long | F71: 20150000 | G71: Bưu Cục 254A Đường 21 tháng 8-Phan Rang-Tháp Chàm-Ninh Thuận | H71: 21163000 | I71: Kho Giao Hàng Nặng - Phan Rang - Ninh Thuận | J71: TRUE | K71: A | L71: 1 | M71: 15 | N71: 15 | O71: Đã mở
A72: Ninh Thuận | B72: 1665 | C72: Thành phố Phan Rang – Tháp Chàm | D72: 450104 | E72: Phường Đô Vinh | F72: 20150000 | G72: Bưu Cục 254A Đường 21 tháng 8-Phan Rang-Tháp Chàm-Ninh Thuận | H72: 20150000 | I72: Bưu Cục 254A Đường 21 tháng 8-Phan Rang-Tháp Chàm-Ninh Thuận | J72: TRUE | K72: A | L72: 1 | M72: 15 | N72: 15 | O72: Đã mở
A73: Ninh Thuận | B73: 1665 | C73: Thành phố Phan Rang – Tháp Chàm | D73: 450105 | E73: Phường Đông Hải | F73: 22861000 | G73: Bưu Cục 95 Thống Nhất-Phan Rang-Ninh Thuận | H73: 22861000 | I73: Bưu Cục 95 Thống Nhất-Phan Rang-Ninh Thuận | J73: TRUE | K73: A | L73: 1 | M73: 15 | N73: 15 | O73: Đã mở
A74: Ninh Thuận | B74: 1665 | C74: Thành phố Phan Rang – Tháp Chàm | D74: 450106 | E74: Phường Kinh Dinh | F74: 20150000 | G74: Bưu Cục 254A Đường 21 tháng 8-Phan Rang-Tháp Chàm-Ninh Thuận | H74: 20150000 | I74: Bưu Cục 254A Đường 21 tháng 8-Phan Rang-Tháp Chàm-Ninh Thuận | J74: TRUE | K74: A | L74: 1 | M74: 15 | N74: 15 | O74: Đã mở
A75: Ninh Thuận | B75: 1665 | C75: Thành phố Phan Rang – Tháp Chàm | D75: 450107 | E75: Phường Mỹ Bình | F75: 22861000 | G75: Bưu Cục 95 Thống Nhất-Phan Rang-Ninh Thuận | H75: 22861000 | I75: Bưu Cục 95 Thống Nhất-Phan Rang-Ninh Thuận | J75: TRUE | K75: A | L75: 1 | M75: 15 | N75: 15 | O75: Đã mở
A76: Ninh Thuận | B76: 1665 | C76: Thành phố Phan Rang – Tháp Chàm | D76: 450108 | E76: Phường Mỹ Đông | F76: 22861000 | G76: Bưu Cục 95 Thống Nhất-Phan Rang-Ninh Thuận | H76: 22861000 | I76: Bưu Cục 95 Thống Nhất-Phan Rang-Ninh Thuận | J76: TRUE | K76: A | L76: 1 | M76: 15 | N76: 15 | O76: Đã mở
A77: Ninh Thuận | B77: 1665 | C77: Thành phố Phan Rang – Tháp Chàm | D77: 450109 | E77: Phường Mỹ Hải | F77: 22861000 | G77: Bưu Cục 95 Thống Nhất-Phan Rang-Ninh Thuận | H77: 22861000 | I77: Bưu Cục 95 Thống Nhất-Phan Rang-Ninh Thuận | J77: TRUE | K77: A | L77: 1 | M77: 15 | N77: 15 | O77: Đã mở
A78: Ninh Thuận | B78: 1665 | C78: Thành phố Phan Rang – Tháp Chàm | D78: 450110 | E78: Phường Mỹ Hương | F78: 20150000 | G78: Bưu Cục 254A Đường 21 tháng 8-Phan Rang-Tháp Chàm-Ninh Thuận | H78: 20150000 | I78: Bưu Cục 254A Đường 21 tháng 8-Phan Rang-Tháp Chàm-Ninh Thuận | J78: TRUE | K78: A | L78: 1 | M78: 15 | N78: 15 | O78: Đã mở
A79: Ninh Thuận | B79: 1665 | C79: Thành phố Phan Rang – Tháp Chàm | D79: 450111 | E79: Phường Phủ Hà | F79: 22861000 | G79: Bưu Cục 95 Thống Nhất-Phan Rang-Ninh Thuận | H79: 22861000 | I79: Bưu Cục 95 Thống Nhất-Phan Rang-Ninh Thuận | J79: TRUE | K79: A | L79: 1 | M79: 15 | N79: 15 | O79: Đã mở
A80: Ninh Thuận | B80: 1665 | C80: Thành phố Phan Rang – Tháp Chàm | D80: 450112 | E80: Phường Phước Mỹ | F80: 20150000 | G80: Bưu Cục 254A Đường 21 tháng 8-Phan Rang-Tháp Chàm-Ninh Thuận | H80: 20150000 | I80: Bưu Cục 254A Đường 21 tháng 8-Phan Rang-Tháp Chàm-Ninh Thuận | J80: TRUE | K80: A | L80: 1 | M80: 15 | N80: 15 | O80: Đã mở
... A83: Ninh Thuận | B83: 1665 | C83: Thành phố Phan Rang – Tháp Chàm | D83: 450115 | E83: Phường Văn Hải | F83: 22861000 | G83: Bưu Cục 95 Thống Nhất-Phan Rang-Ninh Thuận | H83: 22861000 | I83: Bưu Cục 95 Thống Nhất-Phan Rang-Ninh Thuận | J83: TRUE | K83: A | L83: 1 | M83: 15 | N83: 15 | O83: Đã mở
A84: Ninh Thuận | B84: 1665 | C84: Thành phố Phan Rang – Tháp Chàm | D84: 450116 | E84: Xã Thành Hải | F84: 20150000 | G84: Bưu Cục 254A Đường 21 tháng 8-Phan Rang-Tháp Chàm-Ninh Thuận | H84: 20150000 | I84: Bưu Cục 254A Đường 21 tháng 8-Phan Rang-Tháp Chàm-Ninh Thuận | J84: TRUE | K84: C | L84: 0 | O84: Đã mở
A85: Bình Thuận | B85: 1666 | C85: Thành phố Phan Thiết | D85: 470101 | E85: Phường Bình Hưng | F85: 21320000 | G85: Bưu Cục Phú Thủy-Phan Thiết-Bình Thuận | H85: 21320000 | I85: Bưu Cục Phú Thủy-Phan Thiết-Bình Thuận | J85: TRUE | K85: C | L85: 0 | O85: Đã mở
A86: Bình Thuận | B86: 1666 | C86: Thành phố Phan Thiết | D86: 470102 | E86: Phường Đức Long | F86: 21290000 | G86: Bưu cục DT707-Hàm Thuận Nam-Bình Thuận | H86: 21290000 | I86: Bưu cục DT707-Hàm Thuận Nam-Bình Thuận | J86: TRUE | K86: A | L86: 1 | M86: 18 | N86: 15 | O86: Đã mở
A87: Bình Thuận | B87: 1666 | C87: Thành phố Phan Thiết | D87: 470103 | E87: Phường Đức Nghĩa | F87: 21396000 | G87: Bưu Cục Phú Tài-Phan Thiết-Bình Thuận | H87: 21396000 | I87: Bưu Cục Phú Tài-Phan Thiết-Bình Thuận | J87: TRUE | K87: C | L87: 0 | O87: Đã mở
A88: Bình Thuận | B88: 1666 | C88: Thành phố Phan Thiết | D88: 470104 | E88: Phường Đức Thắng | F88: 21396000 | G88: Bưu Cục Phú Tài-Phan Thiết-Bình Thuận | H88: 21396000 | I88: Bưu Cục Phú Tài-Phan Thiết-Bình Thuận | J88: TRUE | K88: C | L88: 0 | O88: Đã mở
A89: Bình Thuận | B89: 1666 | C89: Thành phố Phan Thiết | D89: 470105 | E89: Phường Hàm Tiến | F89: 20144000 | G89: Bưu Cục 16 Huỳnh Thúc Kháng-Phan Thiết-Bình Thuận | H89: 20144000 | I89: Bưu Cục 16 Huỳnh Thúc Kháng-Phan Thiết-Bình Thuận | J89: TRUE | K89: A | L89: 1 | M89: 18 | N89: 15 | O89: Đã mở
A90: Bình Thuận | B90: 1666 | C90: Thành phố Phan Thiết | D90: 470106 | E90: Phường Hưng Long | F90: 21320000 | G90: Bưu Cục Phú Thủy-Phan Thiết-Bình Thuận | H90: 21320000 | I90: Bưu Cục Phú Thủy-Phan Thiết-Bình Thuận | J90: TRUE | K90: A | L90: 1 | M90: 18 | N90: 15 | O90: Đã mở
A91: Bình Thuận | B91: 1666 | C91: Thành phố Phan Thiết | D91: 470107 | E91: Phường Lạc Đạo | F91: 21396000 | G91: Bưu Cục Phú Tài-Phan Thiết-Bình Thuận | H91: 21396000 | I91: Bưu Cục Phú Tài-Phan Thiết-Bình Thuận | J91: TRUE | K91: A | L91: 1 | M91: 18 | N91: 15 | O91: Đã mở
A92: Bình Thuận | B92: 1666 | C92: Thành phố Phan Thiết | D92: 470108 | E92: Phường Mũi Né | F92: 20144000 | G92: Bưu Cục 16 Huỳnh Thúc Kháng-Phan Thiết-Bình Thuận | H92: 20144000 | I92: Bưu Cục 16 Huỳnh Thúc Kháng-Phan Thiết-Bình Thuận | J92: TRUE | K92: A | L92: 1 | M92: 18 | N92: 15 | O92: Đã mở
A93: Bình Thuận | B93: 1666 | C93: Thành phố Phan Thiết | D93: 470109 | E93: Phường Phú Hài | F93: 21320000 | G93: Bưu Cục Phú Thủy-Phan Thiết-Bình Thuận | H93: 21320000 | I93: Bưu Cục Phú Thủy-Phan Thiết-Bình Thuận | J93: TRUE | K93: A | L93: 1 | M93: 18 | N93: 15 | O93: Đã mở
A94: Bình Thuận | B94: 1666 | C94: Thành phố Phan Thiết | D94: 470110 | E94: Phường Phú Tài | F94: 21396000 | G94: Bưu Cục Phú Tài-Phan Thiết-Bình Thuận | H94: 21396000 | I94: Bưu Cục Phú Tài-Phan Thiết-Bình Thuận | J94: TRUE | K94: A | L94: 1 | M94: 18 | N94: 15 | O94: Đã mở
A95: Bình Thuận | B95: 1666 | C95: Thành phố Phan Thiết | D95: 470111 | E95: Phường Phú Thủy | F95: 21320000 | G95: Bưu Cục Phú Thủy-Phan Thiết-Bình Thuận | H95: 21320000 | I95: Bưu Cục Phú Thủy-Phan Thiết-Bình Thuận | J95: TRUE | K95: A | L95: 1 | M95: 18 | N95: 15 | O95: Đã mở
A96: Bình Thuận | B96: 1666 | C96: Thành phố Phan Thiết | D96: 470112 | E96: Phường Phú Trinh | F96: 21396000 | G96: Bưu Cục Phú Tài-Phan Thiết-Bình Thuận | H96: 21396000 | I96: Bưu Cục Phú Tài-Phan Thiết-Bình Thuận | J96: TRUE | K96: A | L96: 1 | M96: 18 | N96: 15 | O96: Đã mở
A97: Bình Thuận | B97: 1666 | C97: Thành phố Phan Thiết | D97: 470113 | E97: Phường Thanh Hải | F97: 21320000 | G97: Bưu Cục Phú Thủy-Phan Thiết-Bình Thuận | H97: 21320000 | I97: Bưu Cục Phú Thủy-Phan Thiết-Bình Thuận | J97: TRUE | K97: C | L97: 0 | O97: Đã mở
A98: Bình Thuận | B98: 1666 | C98: Thành phố Phan Thiết | D98: 470114 | E98: Phường Xuân An | F98: 21320000 | G98: Bưu Cục Phú Thủy-Phan Thiết-Bình Thuận | H98: 21320000 | I98: Bưu Cục Phú Thủy-Phan Thiết-Bình Thuận | J98: TRUE | K98: C | L98: 0 | O98: Đã mở
A99: Bình Thuận | B99: 1666 | C99: Thành phố Phan Thiết | D99: 470115 | E99: Xã Phong Nẫm | F99: 21396000 | G99: Bưu Cục Phú Tài-Phan Thiết-Bình Thuận | H99: 21396000 | I99: Bưu Cục Phú Tài-Phan Thiết-Bình Thuận | J99: TRUE | K99: C | L99: 0 | O99: Đã mở
A100: Bình Thuận | B100: 1666 | C100: Thành phố Phan Thiết | D100: 470116 | E100: Xã Thiện Nghiệp | F100: 20144000 | G100: Bưu Cục 16 Huỳnh Thúc Kháng-Phan Thiết-Bình Thuận | H100: 20144000 | I100: Bưu Cục 16 Huỳnh Thúc Kháng-Phan Thiết-Bình Thuận | J100: TRUE | K100: C | L100: 0 | O100: Đã mở
A101: Bình Thuận | B101: 1666 | C101: Thành phố Phan Thiết | D101: 470117 | E101: Xã Tiến Lợi | F101: 21290000 | G101: Bưu cục DT707-Hàm Thuận Nam-Bình Thuận | H101: 21290000 | I101: Bưu cục DT707-Hàm Thuận Nam-Bình Thuận | J101: TRUE | K101: C | L101: 0 | O101: Đã mở
A102: Bình Thuận | B102: 1666 | C102: Thành phố Phan Thiết | D102: 470118 | E102: Xã Tiến Thành | F102: 21290000 | G102: Bưu cục DT707-Hàm Thuận Nam-Bình Thuận | H102: 21290000 | I102: Bưu cục DT707-Hàm Thuận Nam-Bình Thuận | J102: TRUE | K102: C | L102: 0 | O102: Đã mở
...

Sheet 3_KQ_BC_Detail
A1: vung | B1: routed_bc_id | C1: routed_bc_name | D1: bc_type | E1: weight_group | F1: T07/2026 | G1: T08/2026 | H1: T09/2026 | I1: T10/2026 | J1: T11/2026 | K1: T12/2026
A2: NTB | B2: 1896 | C2: Bưu Cục Đạ Huoai-Lâm Đồng | D2: thuong | E2: 10-15kg | F2: 539.83243 | G2: 649.49041 | H2: 698.61626 | I2: 802.08077 | J2: 853.60643 | K2: 915.364
A3: NTB | B3: 1896 | C3: Bưu Cục Đạ Huoai-Lâm Đồng | D3: thuong | E3: 15-30kg | F3: 592.45182 | G3: 712.06965 | H3: 766.95038 | I3: 881.95331 | J3: 941.49746 | K3: 1011.56
A4: NTB | B4: 1896 | C4: Bưu Cục Đạ Huoai-Lâm Đồng | D4: thuong | E4: 5-10kg | F4: 755.49504 | G4: 809.85937 | H4: 805.46329 | I4: 861.48822 | J4: 915.14338 | K4: 1005.6558
A5: NTB | B5: 1896 | C5: Bưu Cục Đạ Huoai-Lâm Đồng | D5: thuong | E5: <5kg | F5: 11266.725 | G5: 12190.318 | H5: 12140.779 | I5: 13008.673 | J5: 13997.647 | K5: 15519.416
A6: NTB | B6: 1896 | C6: Bưu Cục Đạ Huoai-Lâm Đồng | D6: thuong | E6: ≥30kg | F6: 207.21288 | G6: 251.73526 | H6: 273.22398 | I6: 316.1142 | J6: 335.9797 | K6: 358.93995
A7: NTB | B7: 2309 | C7: (DNO) Đức Lập | D7: thuong | E7: 10-15kg | F7: 1207.7726 | G7: 1436.1775 | H7: 1529.847 | I7: 1742.5124 | J7: 1866.0517 | K7: 2016.618
A8: NTB | B8: 2309 | C8: (DNO) Đức Lập | D8: thuong | E8: 15-30kg | F8: 1258.6382 | G8: 1539.2931 | H8: 1671.0286 | I8: 1932.603 | J8: 2051.2347 | K8: 2189.1173
A9: NTB | B9: 2309 | C9: (DNO) Đức Lập | D9: thuong | E9: 5-10kg | F9: 1869.0383 | G9: 2032.1069 | H9: 2026.3114 | I9: 2174.0008 | J9: 2350.0695 | K9: 2613.1075
A10: NTB | B10: 2309 | C10: (DNO) Đức Lập | D10: thuong | E10: <5kg | F10: 30771.221 | G10: 33836.39 | H10: 33646.506 | I10: 35980.669 | J10: 39222.909 | K10: 43925.074
A11: NTB | B11: 2309 | C11: (DNO) Đức Lập | D11: thuong | E11: ≥30kg | F11: 480.5356 | G11: 587.36574 | H11: 638.95492 | I11: 740.4017 | J11: 785.49508 | K11: 837.44771
A12: NTB | B12: 2357 | C12: (BTH) Đồng Kho | D12: thuong | E12: 10-15kg | F12: 1068.5014 | G12: 1279.2832 | H12: 1370.7096 | I12: 1568.5265 | J12: 1670.488 | K12: 1794.4607
A13: NTB | B13: 2357 | C13: (BTH) Đồng Kho | D13: thuong | E13: 15-30kg | F13: 1158.6477 | G13: 1409.5557 | H13: 1527.5075 | I13: 1764.582 | J13: 1875.7439 | K13: 2005.1692
... A393: NTB | B393: 23015000 | C393: (LDO) Bảo Lâm 3 | D393: thuong | E393: ≥30kg | F393: 198.88321 | G393: 243.36412 | H393: 265.04399 | I393: 307.41517 | J393: 325.93923 | K393: 347.2106

Sheet 4_KQ_B2B
A1: Vùng | B1: Tỉnh | C1: Quận_ID | D1: Phường_ID | E1: B2B_Nhóm | F1: B2B_Từ_kg | G1: B2B_Pct | H1: B2B_Status | I1: routed_bc_id | J1: routed_bc_name | K1: Weight_Band | L1: T07/2026 | M1: T08/2026 | N1: T09/2026 | O1: T10/2026 | P1: T11/2026 | Q1: T12/2026 | R1: TOTAL_T05_T12
A2: NTB | B2: Bình Thuận | C2: 1666 | D2: 470102 | E2: A | F2: 15 | G2: 1 | H2: Đã mở | J2: GHN B2B Bình Thuận (sắp mở) | K2: 15to30 | L2: 189.09736 | M2: 234.97344 | N2: 257.41895 | O2: 299.7771 | P2: 316.35966 | Q2: 335.21347 | R2: 1632.84
A3: NTB | B3: Bình Thuận | C3: 1666 | D3: 470102 | E3: A | F3: 15 | G3: 1 | H3: Đã mở | J3: GHN B2B Bình Thuận (sắp mở) | K3: gte30 | L3: 59.500775 | M3: 73.44988 | N3: 80.296151 | O3: 93.382449 | P3: 98.734229 | Q3: 104.83534 | R3: 510.19882
A4: NTB | B4: Bình Thuận | C4: 1666 | D4: 470105 | E4: A | F4: 15 | G4: 1 | H4: Đã mở | J4: GHN B2B Bình Thuận (sắp mở) | K4: 15to30 | L4: 443.00062 | M4: 558.40556 | N4: 616.12638 | O4: 721.24646 | P4: 757.49328 | Q4: 797.93015 | R4: 3894.2024
A5: NTB | B5: Bình Thuận | C5: 1666 | D5: 470105 | E5: A | F5: 15 | G5: 1 | H5: Đã mở | J5: GHN B2B Bình Thuận (sắp mở) | K5: gte30 | L5: 186.64278 | M5: 234.93969 | N5: 259.19901 | O5: 303.4308 | P5: 318.79355 | Q5: 335.91244 | R5: 1638.9183
A6: NTB | B6: Bình Thuận | C6: 1666 | D6: 470106 | E6: A | F6: 15 | G6: 1 | H6: Đã mở | J6: GHN B2B Bình Thuận (sắp mở) | K6: 15to30 | L6: 62.983102 | M6: 78.574471 | N6: 86.252071 | O6: 100.59138 | P6: 106.01168 | Q6: 112.14418 | R6: 546.55688
A7: NTB | B7: Bình Thuận | C7: 1666 | D7: 470106 | E7: A | F7: 15 | G7: 1 | H7: Đã mở | J7: GHN B2B Bình Thuận (sắp mở) | K7: gte30 | L7: 25.104995 | M7: 31.758811 | N7: 35.118431 | O7: 41.178338 | P7: 43.195344 | Q7: 45.427954 | R7: 221.78387
A8: NTB | B8: Bình Thuận | C8: 1666 | D8: 470107 | E8: A | F8: 15 | G8: 1 | H8: Đã mở | J8: GHN B2B Bình Thuận (sắp mở) | K8: 15to30 | L8: 227.69683 | M8: 283.93027 | N8: 311.59931 | O8: 363.33746 | P8: 382.95805 | Q8: 405.17453 | R8: 1974.6965
A9: NTB | B9: Bình Thuận | C9: 1666 | D9: 470107 | E9: A | F9: 15 | G9: 1 | H9: Đã mở | J9: GHN B2B Bình Thuận (sắp mở) | K9: gte30 | L9: 77.525141 | M9: 96.134203 | N9: 105.32069 | O9: 122.67561 | P9: 129.5123 | Q9: 137.26845 | R9: 668.43639
A10: NTB | B10: Bình Thuận | C10: 1666 | D10: 470108 | E10: A | F10: 15 | G10: 1 | H10: Đã mở | J10: GHN B2B Bình Thuận (sắp mở) | K10: 15to30 | L10: 500.47454 | M10: 626.26722 | N10: 688.5009 | O10: 803.8413 | P10: 846.20607 | Q10: 893.96913 | R10: 4359.2592
A11: NTB | B11: Bình Thuận | C11: 1666 | D11: 470108 | E11: A | F11: 15 | G11: 1 | H11: Đã mở | J11: GHN B2B Bình Thuận (sắp mở) | K11: gte30 | L11: 199.69562 | M11: 247.40729 | N11: 270.93385 | O11: 315.48174 | P11: 333.16222 | Q11: 353.24034 | R11: 1719.9211
A12: NTB | B12: Bình Thuận | C12: 1666 | D12: 470109 | E12: A | F12: 15 | G12: 1 | H12: Đã mở | J12: GHN B2B Bình Thuận (sắp mở) | K12: 15to30 | L12: 278.546 | M12: 348.40034 | N12: 382.93855 | O12: 447.02385 | P12: 470.70215 | Q12: 497.40146 | R12: 2425.0124
A13: NTB | B13: Bình Thuận | C13: 1666 | D13: 470109 | E13: A | F13: 15 | G13: 1 | H13: Đã mở | J13: GHN B2B Bình Thuận (sắp mở) | K13: gte30 | L13: 116.57287 | M13: 143.68364 | N13: 156.96305 | O13: 182.44867 | P13: 193.0022 | Q13: 205.05235 | R13: 997.72277
... A319: NTB | B319: Đắk Nông | C319: 1790 | D319: 630209 | E319: A | F319: 15 | G319: 1 | H319: Đã mở | J319: GHN B2B Đắk Nông (sắp mở) | K319: gte30 | L319: 84.670129 | M319: 102.29549 | N319: 110.6455 | O319: 127.67412 | P319: 135.9973 | Q319: 145.68779 | R319: 706.97032

Sheet 5_CuMoi_Thang
A1: Quận_Tên | B1: Phường_ID | C1: Phường_Tên | D1: Nhóm | E1: Ngưỡng_CŨ_GXT_kg | F1: Ngưỡng_MỚI_kg | G1: b2b_CŨ_Tổng | H1: b2b_MỚI_Tổng | I1: Chênh_Tổng | J1: Chênh_T06 | K1: Chênh_T07 | L1: Chênh_T08 | M1: Chênh_T09 | N1: Chênh_T10 | O1: Chênh_T11 | P1: Chênh_T12
A2: ━ TỔNG VÙNG NTB ━ | G2: 548873 | H2: 593084 | I2: 44211 | J2: 4699 | K2: 5456 | L2: 5924 | M2: 6186 | N2: 6914 | O2: 7164 | P2: 7868
A3: Thành phố Nha Trang | B3: 410105 | C3: Phường Phước Long | D3: B | E3: 20 | F3: 15 | G3: 8096 | H3: 10586 | I3: 2490 | J3: 266 | K3: 310 | L3: 336 | M3: 351 | N3: 390 | O3: 393 | P3: 445
A4: Huyện Tuy Phong | B4: 470201 | C4: Thị trấn Liên Hương | D4: A | E4: 20 | F4: 15 | G4: 6376 | H4: 8359 | I4: 1983 | J4: 209 | K4: 244 | L4: 265 | M4: 278 | N4: 312 | O4: 323 | P4: 352
A5: Thành phố Phan Thiết | B5: 470111 | C5: Phường Phú Thủy | D5: A | E5: 18 | F5: 15 | G5: 11953 | H5: 13885 | I5: 1932 | J5: 203 | K5: 236 | L5: 258 | M5: 271 | N5: 305 | O5: 316 | P5: 343
A6: Thành phố Đà Lạt | B6: 420107 | C6: Phường 4 | D6: A | E6: 18 | F6: 15 | G6: 11633 | H6: 13503 | I6: 1870 | J6: 195 | K6: 230 | L6: 250 | M6: 261 | N6: 295 | O6: 308 | P6: 331
A7: Huyện Lâm Hà | B7: 421001 | C7: Thị trấn Đinh Văn | D7: A | E7: 20 | F7: 15 | G7: 5502 | H7: 7316 | I7: 1814 | J7: 199 | K7: 228 | L7: 245 | M7: 249 | N7: 273 | O7: 296 | P7: 325
A8: Thành phố Đà Lạt | B8: 420106 | C8: Phường 3 | D8: A | E8: 18 | F8: 15 | G8: 10498 | H8: 12184 | I8: 1686 | J8: 176 | K8: 206 | L8: 226 | M8: 236 | N8: 265 | O8: 278 | P8: 299
A9: Huyện Tuy Phong | B9: 470202 | C9: Thị trấn Phan Rí Cửa | D9: A | E9: 20 | F9: 15 | G9: 5424 | H9: 6896 | I9: 1472 | J9: 158 | K9: 184 | L9: 196 | M9: 206 | N9: 230 | O9: 238 | P9: 261
A10: Thành phố Nha Trang | B10: 410125 | C10: Xã Vĩnh Thái | D10: B | E10: 20 | F10: 15 | G10: 4569 | H10: 5933 | I10: 1363 | J10: 145 | K10: 169 | L10: 184 | M10: 192 | N10: 214 | O10: 215 | P10: 244
A11: Huyện Bảo Lâm | B11: 42111 | C11: Thị trấn Lộc Thắng | D11: A | E11: 20 | F11: 15 | G11: 3703 | H11: 4842 | I11: 1139 | J11: 121 | K11: 141 | L11: 153 | M11: 158 | N11: 177 | O11: 187 | P11: 202
A12: Thành phố Nha Trang | B12: 410120 | C12: Xã Phước Đồng | D12: B | E12: 20 | F12: 15 | G12: 3562 | H12: 4696 | I12: 1134 | J12: 121 | K12: 142 | L12: 153 | M12: 160 | N12: 177 | O12: 178 | P12: 202
A13: Thành phố Phan Thiết | B13: 470108 | C13: Phường Mũi Né | D13: A | E13: 18 | F13: 15 | G13: 6695 | H13: 7818 | I13: 1123 | J13: 119 | K13: 138 | L13: 150 | M13: 157 | N13: 176 | O13: 183 | P13: 200
A14: Huyện Bảo Lâm | B14: 761203 | C14: Xã Lộc An | D14: A | E14: 20 | F14: 15 | G14: 3473 | H14: 4502 | I14: 1029 | J14: 110 | K14: 127 | L14: 138 | M14: 143 | N14: 159 | O14: 169 | P14: 183
... A161: Thành phố Gia Nghĩa | B161: 630105 | C161: Phường Nghĩa Trung | D161: A | E161: 15 | F161: 15 | G161: 2723 | H161: 2723 | I161: 0 | J161: 0 | K161: 0 | L161: 0 | M161: 0 | N161: 0 | O161: 0 | P161: 0

Sheet 6_FC_Lay_Daily
A1: Vùng | B1: Tỉnh/Quận | C1: ID | D1: BC | E1: Sàn | F1: T4 15/07 | G1: T5 16/07 | H1: T6 17/07 | I1: T7 18/07 | J1: CN 19/07 | K1: T2 20/07 | L1: T3 21/07 | M1: T4 22/07 | N1: T5 23/07 | O1: T6 24/07 | P1: T7 25/07 | Q1: CN 26/07 | R1: T2 27/07 | S1: T3 28/07 | T1: T4 29/07 | U1: T5 30/07 | V1: T6 31/07 | W1: T7 01/08 | X1: CN 02/08 | Y1: T2 03/08 | Z1: T3 04/08 | AA1: T4 05/08 | AB1: T5 06/08 | AC1: T6 07/08 | AD1: T7 08/08 | AE1: CN 09/08 | AF1: T2 10/08 | AG1: T3 11/08 | AH1: T4 12/08 | AI1: T5 13/08 | AJ1: T6 14/08 | AK1: T7 15/08 | AL1: CN 16/08 | AM1: T2 17/08 | AN1: T3 18/08 | AO1: T4 19/08 | AP1: T5 20/08 | AQ1: T6 21/08 | AR1: T7 22/08 | AS1: CN 23/08 | AT1: T2 24/08 | AU1: T3 25/08 | AV1: T4 26/08 | AW1: T5 27/08 | AX1: T6 28/08 | AY1: T7 29/08 | AZ1: CN 30/08 | BA1: T2 31/08 | BB1: T3 01/09 | BC1: T4 02/09 | BD1: T5 03/09 | BE1: T6 04/09 | BF1: T7 05/09 | BG1: CN 06/09 | BH1: T2 07/09 | BI1: T3 08/09 | BJ1: T4 09/09 | BK1: T5 10/09 | BL1: T6 11/09 | BM1: T7 12/09 | BN1: CN 13/09 | BO1: T2 14/09 | BP1: T3 15/09 | BQ1: T4 16/09 | BR1: T5 17/09 | BS1: T6 18/09 | BT1: T7 19/09 | BU1: CN 20/09 | BV1: T2 21/09 | BW1: T3 22/09 | BX1: T4 23/09 | BY1: T5 24/09 | BZ1: T6 25/09 | CA1: T7 26/09 | CB1: CN 27/09 | CC1: Tổng 60d
E2: Source | F2: ✅ACT | G2: ✅ACT | H2: ✅ACT | I2: ✅ACT | J2: ✅ACT | K2: ✅ACT | L2: ✅ACT | M2: ✅ACT | N2: ✅ACT | O2: ✅ACT | P2: ✅ACT | Q2: ✅ACT | R2: ✅ACT | S2: ✅ACT | T2: ✅ACT | U2: 📊FC | V2: 📊FC | W2: 📊FC | X2: 📊FC | Y2: 📊FC | Z2: 📊FC | AA2: 📊FC | AB2: 📊FC | AC2: 📊FC | AD2: 📊FC | AE2: 📊FC | AF2: 📊FC | AG2: 📊FC | AH2: 📊FC | AI2: 📊FC | AJ2: 📊FC | AK2: 📊FC | AL2: 📊FC | AM2: 📊FC | AN2: 📊FC | AO2: 📊FC | AP2: 📊FC | AQ2: 📊FC | AR2: 📊FC | AS2: 📊FC | AT2: 📊FC | AU2: 📊FC | AV2: 📊FC | AW2: 📊FC | AX2: 📊FC | AY2: 📊FC | AZ2: 📊FC | BA2: 📊FC | BB2: 📊FC | BC2: 📊FC | BD2: 📊FC | BE2: 📊FC | BF2: 📊FC | BG2: 📊FC | BH2: 📊FC | BI2: 📊FC | BJ2: 📊FC | BK2: 📊FC | BL2: 📊FC | BM2: 📊FC | BN2: 📊FC | BO2: 📊FC | BP2: 📊FC | BQ2: 📊FC | BR2: 📊FC | BS2: 📊FC | BT2: 📊FC | BU2: 📊FC | BV2: 📊FC | BW2: 📊FC | BX2: 📊FC | BY2: 📊FC | BZ2: 📊FC | CA2: 📊FC | CB2: 📊FC
A3: NTB | B3: Bình Thuận | C3: 2357 | D3: (BTH) Đồng Kho | E3: SME | F3: 147 | G3: 237 | H3: 365 | I3: 183 | J3: 454 | K3: 213 | L3: 172 | M3: 129 | N3: 175 | O3: 203 | P3: 213 | Q3: 214 | R3: 51 | S3: 179 | T3: 206 | U3: 209.9 | V3: 218.39 | W3: 211.89 | X3: 174.14 | Y3: 234.93 | Z3: 216.82 | AA3: 210.91 | AB3: 209.9 | AC3: 218.39 | AD3: 156.83 | AE3: 174.14 | AF3: 234.93 | AG3: 216.82 | AH3: 210.91 | AI3: 209.9 | AJ3: 218.39 | AK3: 211.89 | AL3: 174.14 | AM3: 234.93 | AN3: 216.82 | AO3: 210.91 | AP3: 209.9 | AQ3: 218.39 | AR3: 211.89 | AS3: 174.14 | AT3: 234.93 | AU3: 216.82 | AV3: 210.91 | AW3: 209.9 | AX3: 218.39 | AY3: 211.89 | AZ3: 174.14 | BA3: 223.55 | BB3: 198.04 | BC3: 121.21 | BD3: 94.91 | BE3: 204.54 | BF3: 198.83 | BG3: 179.45 | BH3: 242.22 | BI3: 223.91 | BJ3: 160.76 | BK3: 216.2 | BL3: 225.29 | BM3: 218.2 | BN3: 179.45 | BO3: 242.22 | BP3: 223.91 | BQ3: 217.21 | BR3: 216.2 | BS3: 225.29 | BT3: 218.2 | BU3: 179.45 | BV3: 242.22 | BW3: 223.91 | BX3: 217.21 | BY3: 216.2 | BZ3: 225.29 | CA3: 218.2 | CB3: 179.45 | CC3: 15539.7
A4: NTB | B4: Bình Thuận | C4: 2357 | D4: (BTH) Đồng Kho | E4: SME-Bulky | F4: 2 | G4: 5 | H4: 3 | I4: 4 | J4: 3 | K4: 1 | L4: 1 | M4: 0 | N4: 2 | O4: 2 | P4: 6 | Q4: 0 | R4: 1 | S4: 1 | T4: 0 | U4: 2.79 | V4: 2.79 | W4: 2.71 | X4: 1.95 | Y4: 3.44 | Z4: 3.55 | AA4: 2.9 | AB4: 2.79 | AC4: 2.79 | AD4: 2.1 | AE4: 1.95 | AF4: 3.44 | AG4: 3.55 | AH4: 2.9 | AI4: 2.79 | AJ4: 2.79 | AK4: 2.71 | AL4: 1.95 | AM4: 3.44 | AN4: 3.55 | AO4: 2.9 | AP4: 2.79 | AQ4: 2.79 | AR4: 2.71 | AS4: 1.95 | AT4: 3.44 | AU4: 3.55 | AV4: 2.9 | AW4: 2.79 | AX4: 2.79 | AY4: 2.71 | AZ4: 1.95 | BA4: 3.55 | BB4: 1.98 | BC4: 0.95 | BD4: 0.53 | BE4: 1.56 | BF4: 1.53 | BG4: 1.07 | BH4: 1.91 | BI4: 1.98 | BJ4: 1.37 | BK4: 1.56 | BL4: 1.56 | BM4: 1.53 | BN4: 1.07 | BO4: 1.91 | BP4: 1.98 | BQ4: 1.64 | BR4: 1.56 | BS4: 1.56 | BT4: 1.53 | BU4: 1.07 | BV4: 1.91 | BW4: 1.98 | BX4: 1.64 | BY4: 1.56 | BZ4: 1.56 | CA4: 1.53 | CB4: 1.07 | CC4: 165.8
A5: NTB | B5: Bình Thuận | C5: 2357 | D5: (BTH) Đồng Kho | E5: Shopee | F5: 69 | G5: 73 | H5: 40 | I5: 47 | J5: 53 | K5: 43 | L5: 52 | M5: 63 | N5: 20 | O5: 47 | P5: 31 | Q5: 26 | R5: 55 | S5: 56 | T5: 54 | U5: 46.56 | V5: 47.03 | W5: 44.56 | X5: 38.57 | Y5: 62.32 | Z5: 49.38 | AA5: 60.08 | AB5: 47.39 | AC5: 38.33 | AD5: 77.84 | AE5: 41.15 | AF5: 68.78 | AG5: 51.74 | AH5: 54.56 | AI5: 46.56 | AJ5: 47.03 | AK5: 49.03 | AL5: 69.49 | AM5: 62.32 | AN5: 49.38 | AO5: 54.56 | AP5: 50.32 | AQ5: 37.04 | AR5: 44.56 | AS5: 38.57 | AT5: 62.32 | AU5: 53.85 | AV5: 55.85 | AW5: 46.56 | AX5: 47.03 | AY5: 44.56 | AZ5: 38.57 | BA5: 53.15 | BB5: 37.63 | BC5: 16.7 | BD5: 27.4 | BE5: 55.85 | BF5: 53.97 | BG5: 38.45 | BH5: 59.97 | BI5: 39.62 | BJ5: 110.76 | BK5: 47.97 | BL5: 47.62 | BM5: 43.39 | BN5: 37.63 | BO5: 59.97 | BP5: 52.32 | BQ5: 79.72 | BR5: 45.27 | BS5: 45.74 | BT5: 43.39 | BU5: 41.27 | BV5: 48.44 | BW5: 47.97 | BX5: 52.79 | BY5: 45.27 | BZ5: 49.27 | CA5: 44.45 | CB5: 37.63 | CC5: 3718.5
A6: NTB | B6: Bình Thuận | C6: 2357 | D6: (BTH) Đồng Kho | E6: Shopee-Bulky | F6: 3.14 | G6: 0.79 | H6: 0.79 | I6: 4.71 | J6: 3.14 | K6: 5.5 | L6: 3.93 | M6: 3.14 | N6: 2.36 | O6: 0 | P6: 0.79 | Q6: 2.36 | R6: 1.57 | S6: 4.71 | T6: 2.36 | U6: 2.99 | V6: 2.99 | W6: 3.63 | X6: 1.92 | Y6: 4.53 | Z6: 3.47 | AA6: 5.28 | AB6: 3.47 | AC6: 3.31 | AD6: 12.86 | AE6: 10.3 | AF6: 10.03 | AG6: 5.71 | AH6: 3.36 | AI6: 3.73 | AJ6: 3.2 | AK6: 7.36 | AL6: 3.31 | AM6: 6.14 | AN6: 3.41 | AO6: 3.41 | AP6: 6.14 | AQ6: 4.48 | AR6: 3.41 | AS6: 1.81 | AT6: 4.37 | AU6: 7.58 | AV6: 8.06 | AW6: 3.15 | AX6: 3.15 | AY6: 3.41 | AZ6: 1.81 | BA6: 3.89 | BB6: 2.56 | BC6: 0.32 | BD6: 1.01 | BE6: 3.95 | BF6: 3.31 | BG6: 2.08 | BH6: 4.75 | BI6: 3.68 | BJ6: 19.85 | BK6: 7.79 | BL6: 4.16 | BM6: 2.77 | BN6: 1.97 | BO6: 5.5 | BP6: 7.79 | BQ6: 5.92 | BR6: 3.31 | BS6: 3.31 | BT6: 2.56 | BU6: 4.05 | BV6: 5.01 | BW6: 3.68 | BX6: 3.63 | BY6: 3.31 | BZ6: 6.78 | CA6: 3.31 | CB6: 2.03 | CC6: 313.35
A7: NTB | B7: Bình Thuận | C7: 2357 | D7: (BTH) Đồng Kho | E7: Shopee-Bulky (10-15kg) | F7: 0.86 | G7: 0.21 | H7: 0.21 | I7: 1.29 | J7: 0.86 | K7: 1.5 | L7: 1.07 | M7: 0.86 | N7: 0.64 | O7: 0 | P7: 0.21 | Q7: 0.64 | R7: 0.43 | S7: 1.29 | T7: 0.64 | U7: 0.75 | V7: 0.69 | W7: 0.85 | X7: 0.43 | Y7: 1.17 | Z7: 0.8 | AA7: 1.17 | AB7: 0.8 | AC7: 0.85 | AD7: 5.28 | AE7: 2.35 | AF7: 1.97 | AG7: 1.49 | AH7: 0.8 | AI7: 0.8 | AJ7: 0.69 | AK7: 1.97 | AL7: 0.75 | AM7: 1.39 | AN7: 0.8 | AO7: 0.8 | AP7: 1.55 | AQ7: 0.96 | AR7: 0.8 | AS7: 0.32 | AT7: 1.01 | AU7: 1.76 | AV7: 2.08 | AW7: 0.8 | AX7: 0.69 | AY7: 0.75 | AZ7: 0.32 | BA7: 0.91 | BB7: 0.59 | BC7: 0.11 | BD7: 0.21 | BE7: 0.85 | BF7: 0.75 | BG7: 0.37 | BH7: 1.07 | BI7: 0.85 | BJ7: 6.19 | BK7: 2.24 | BL7: 1.07 | BM7: 0.69 | BN7: 0.37 | BO7: 1.6 | BP7: 2.24 | BQ7: 1.71 | BR7: 0.91 | BS7: 0.75 | BT7: 0.59 | BU7: 0.96 | BV7: 1.17 | BW7: 0.85 | BX7: 0.85 | BY7: 0.91 | BZ7: 2.03 | CA7: 0.85 | CB7: 0.37 | CC7: 80.41
A8: NTB | B8: Bình Thuận | C8: 2357 | D8: (BTH) Đồng Kho | E8: TTS | F8: 18 | G8: 8 | H8: 11 | I8: 9 | J8: 13 | K8: 11 | L8: 12 | M8: 11 | N8: 16 | O8: 12 | P8: 20 | Q8: 13 | R8: 7 | S8: 12 | T8: 11 | U8: 22.73 | V8: 22.44 | W8: 21.86 | X8: 17.53 | Y8: 25.69 | Z8: 21.86 | AA8: 24.19 | AB8: 27.03 | AC8: 28.52 | AD8: 24 | AE8: 20.35 | AF8: 26.47 | AG8: 22.22 | AH8: 22.06 | AI8: 25.31 | AJ8: 27.23 | AK8: 26.8 | AL8: 18.97 | AM8: 26.14 | AN8: 22.5 | AO8: 22.32 | AP8: 21.81 | AQ8: 21.98 | AR8: 21.6 | AS8: 17.56 | AT8: 28.21 | AU8: 25.49 | AV8: 22.71 | AW8: 21.55 | AX8: 21.4 | AY8: 21.25 | AZ8: 17.64 | BA8: 25.45 | BB8: 23.73 | BC8: 12.01 | BD8: 17.15 | BE8: 39.86 | BF8: 38.76 | BG8: 18.97 | BH8: 28.17 | BI8: 23.73 | BJ8: 18.16 | BK8: 24.16 | BL8: 24.19 | BM8: 23.49 | BN8: 18.97 | BO8: 28.17 | BP8: 23.73 | BQ8: 23.54 | BR8: 24.16 | BS8: 24.19 | BT8: 23.49 | BU8: 18.97 | BV8: 28.17 | BW8: 23.73 | BX8: 23.54 | BY8: 24.16 | BZ8: 24.19 | CA8: 23.49 | CB8: 18.97 | CC8: 1590.72
A9: NTB | B9: Bình Thuận | C9: 2357 | D9: (BTH) Đồng Kho | E9: TTS-Bulky | F9: 0 | G9: 0 | H9: 0 | I9: 0 | J9: 0 | K9: 0 | L9: 0 | M9: 0 | N9: 0 | O9: 0 | P9: 0 | Q9: 0 | R9: 0 | S9: 0 | T9: 0 | U9: 0.41 | V9: 0.41 | W9: 0.18 | X9: 0.17 | Y9: 0.2 | Z9: 0.2 | AA9: 0.22 | AB9: 0.2 | AC9: 0.24 | AD9: 0.06 | AE9: 0.17 | AF9: 0.25 | AG9: 0.21 | AH9: 0.18 | AI9: 0.2 | AJ9: 0.2 | AK9: 0.2 | AL9: 0.17 | AM9: 0.2 | AN9: 0.18 | AO9: 0.18 | AP9: 0.21 | AQ9: 0.22 | AR9: 0.18 | AS9: 0.17 | AT9: 0.26 | AU9: 0.23 | AV9: 0.18 | AW9: 0.18 | AX9: 0.22 | AY9: 0.18 | AZ9: 0.17 | BA9: 0.2 | BB9: 0.06 | BC9: 0.03 | BD9: 0.04 | BE9: 0.06 | BF9: 0.06 | BG9: 0.04 | BH9: 0.07 | BI9: 0.06 | BJ9: 0.01 | BK9: 0.06 | BL9: 0.06 | BM9: 0.06 | BN9: 0.04 | BO9: 0.07 | BP9: 0.07 | BQ9: 0.06 | BR9: 0.06 | BS9: 0.06 | BT9: 0.06 | BU9: 0.04 | BV9: 0.07 | BW9: 0.06 | BX9: 0.06 | BY9: 0.06 | BZ9: 0.06 | CA9: 0.06 | CB9: 0.04 | CC9: 8.31
A10: NTB | B10: Bình Thuận | C10: 20144000 | D10: (BTH) Mũi Né | E10: SME | F10: 36 | G10: 24 | H10: 16 | I10: 32 | J10: 15 | K10: 21 | L10: 29 | M10: 16 | N10: 14 | O10: 27 | P10: 13 | Q10: 18 | R10: 18 | S10: 16 | T10: 15 | U10: 22.93 | V10: 23.86 | W10: 23.16 | X10: 19 | Y10: 25.69 | Z10: 23.69 | AA10: 23.06 | AB10: 22.93 | AC10: 23.86 | AD10: 17.34 | AE10: 19 | AF10: 25.69 | AG10: 23.69 | AH10: 23.06 | AI10: 22.93 | AJ10: 23.86 | AK10: 23.16 | AL10: 19 | AM10: 25.69 | AN10: 23.69 | AO10: 23.06 | AP10: 22.93 | AQ10: 23.86 | AR10: 23.16 | AS10: 19 | AT10: 25.69 | AU10: 23.69 | AV10: 23.06 | AW10: 22.93 | AX10: 23.86 | AY10: 23.16 | AZ10: 19 | BA10: 24.42 | BB10: 21.65 | BC10: 13.22 | BD10: 10.3 | BE10: 22.34 | BF10: 21.73 | BG10: 19.57 | BH10: 26.47 | BI10: 24.45 | BJ10: 17.76 | BK10: 23.61 | BL10: 24.6 | BM10: 23.84 | BN10: 19.57 | BO10: 26.47 | BP10: 24.45 | BQ10: 23.73 | BR10: 23.61 | BS10: 24.6 | BT10: 23.84 | BU10: 19.57 | BV10: 26.47 | BW10: 24.45 | BX10: 23.73 | BY10: 23.61 | BZ10: 24.6 | CA10: 23.84 | CB10: 19.57 | CC10: 1664.76
A11: NTB | B11: Bình Thuận | C11: 20144000 | D11: (BTH) Mũi Né | E11: SME-Bulky | F11: 3 | G11: 4 | H11: 0 | I11: 0 | J11: 0 | K11: 1 | L11: 1 | M11: 1 | N11: 0 | O11: 2 | P11: 0 | Q11: 0 | R11: 0 | S11: 1 | T11: 1 | U11: 1.21 | V11: 1.21 | W11: 1.17 | X11: 0.84 | Y11: 1.49 | Z11: 1.54 | AA11: 1.26 | AB11: 1.21 | AC11: 1.21 | AD11: 0.91 | AE11: 0.84 | AF11: 1.49 | AG11: 1.54 | AH11: 1.26 | AI11: 1.21 | AJ11: 1.21 | AK11: 1.17 | AL11: 0.84 | AM11: 1.49 | AN11: 1.54 | AO11: 1.26 | AP11: 1.21 | AQ11: 1.21 | AR11: 1.17 | AS11: 0.84 | AT11: 1.49 | AU11: 1.54 | AV11: 1.26 | AW11: 1.21 | AX11: 1.21 | AY11: 1.17 | AZ11: 0.84 | BA11: 1.54 | BB11: 0.86 | BC11: 0.41 | BD11: 0.23 | BE11: 0.68 | BF11: 0.66 | BG11: 0.46 | BH11: 0.83 | BI11: 0.86 | BJ11: 0.6 | BK11: 0.68 | BL11: 0.68 | BM11: 0.66 | BN11: 0.46 | BO11: 0.83 | BP11: 0.86 | BQ11: 0.71 | BR11: 0.68 | BS11: 0.68 | BT11: 0.66 | BU11: 0.46 | BV11: 0.83 | BW11: 0.86 | BX11: 0.71 | BY11: 0.68 | BZ11: 0.68 | CA11: 0.66 | CB11: 0.46 | CC11: 72.42
A12: NTB | B12: Bình Thuận | C12: 20144000 | D12: (BTH) Mũi Né | E12: Shopee | F12: 9 | G12: 4 | H12: 13 | I12: 10 | J12: 10 | K12: 16 | L12: 15 | M12: 10 | N12: 13 | O12: 10 | P12: 11 | Q12: 8 | R12: 10 | S12: 22 | T12: 20 | U12: 12.56 | V12: 12.69 | W12: 12.03 | X12: 10.41 | Y12: 16.82 | Z12: 13.33 | AA12: 16.21 | AB12: 12.79 | AC12: 10.34 | AD12: 21 | AE12: 11.1 | AF12: 18.56 | AG12: 13.96 | AH12: 14.72 | AI12: 12.56 | AJ12: 12.69 | AK12: 13.23 | AL12: 18.75 | AM12: 16.82 | AN12: 13.33 | AO12: 14.72 | AP12: 13.58 | AQ12: 9.99 | AR12: 12.03 | AS12: 10.41 | AT12: 16.82 | AU12: 14.53 | AV12: 15.07 | AW12: 12.56 | AX12: 12.69 | AY12: 12.03 | AZ12: 10.41 | BA12: 14.34 | BB12: 10.15 | BC12: 4.51 | BD12: 7.39 | BE12: 15.07 | BF12: 14.56 | BG12: 10.38 | BH12: 16.18 | BI12: 10.69 | BJ12: 29.89 | BK12: 12.95 | BL12: 12.85 | BM12: 11.71 | BN12: 10.15 | BO12: 16.18 | BP12: 14.12 | BQ12: 21.51 | BR12: 12.22 | BS12: 12.34 | BT12: 11.71 | BU12: 11.14 | BV12: 13.07 | BW12: 12.95 | BX12: 14.25 | BY12: 12.22 | BZ12: 13.29 | CA12: 11.99 | CB12: 10.15 | CC12: 987.7
A13: NTB | B13: Bình Thuận | C13: 20144000 | D13: (BTH) Mũi Né | E13: Shopee-Bulky | F13: 7.07 | G13: 0 | H13: 0.79 | I13: 0 | J13: 0 | K13: 0.79 | L13: 0.79 | M13: 0 | N13: 0 | O13: 0.79 | P13: 0.79 | Q13: 0 | R13: 0 | S13: 0 | T13: 0 | U13: 0.83 | V13: 0.83 | W13: 1.01 | X13: 0.54 | Y13: 1.27 | Z13: 0.97 | AA13: 1.47 | AB13: 0.97 | AC13: 0.92 | AD13: 3.59 | AE13: 2.87 | AF13: 2.8 | AG13: 1.59 | AH13: 0.94 | AI13: 1.04 | AJ13: 0.89 | AK13: 2.05 | AL13: 0.92 | AM13: 1.71 | AN13: 0.95 | AO13: 0.95 | AP13: 1.71 | AQ13: 1.25 | AR13: 0.95 | AS13: 0.51 | AT13: 1.22 | AU13: 2.11 | AV13: 2.25 | AW13: 0.88 | AX13: 0.88 | AY13: 0.95 | AZ13: 0.51 | BA13: 1.09 | BB13: 0.71 | BC13: 0.09 | BD13: 0.28 | BE13: 1.1 | BF13: 0.92 | BG13: 0.58 | BH13: 1.33 | BI13: 1.03 | BJ13: 5.54 | BK13: 2.17 | BL13: 1.16 | BM13: 0.77 | BN13: 0.55 | BO13: 1.53 | BP13: 2.17 | BQ13: 1.65 | BR13: 0.92 | BS13: 0.92 | BT13: 0.71 | BU13: 1.13 | BV13: 1.4 | BW13: 1.03 | BX13: 1.01 | BY13: 0.92 | BZ13: 1.89 | CA13: 0.92 | CB13: 0.57 | CC13: 87.44
A14: NTB | B14: Bình Thuận | C14: 20144000 | D14: (BTH) Mũi Né | E14: Shopee-Bulky (10-15kg) | F14: 1.93 | G14: 0 | H14: 0.21 | I14: 0 | J14: 0 | K14: 0.21 | L14: 0.21 | M14: 0 | N14: 0 | O14: 0.21 | P14: 0.21 | Q14: 0 | R14: 0 | S14: 0 | T14: 0 | U14: 0.21 | V14: 0.19 | W14: 0.24 | X14: 0.12 | Y14: 0.33 | Z14: 0.22 | AA14: 0.33 | AB14: 0.22 | AC14: 0.24 | AD14: 1.47 | AE14: 0.66 | AF14: 0.55 | AG14: 0.42 | AH14: 0.22 | AI14: 0.22 | AJ14: 0.19 | AK14: 0.55 | AL14: 0.21 | AM14: 0.39 | AN14: 0.22 | AO14: 0.22 | AP14: 0.43 | AQ14: 0.27 | AR14: 0.22 | AS14: 0.09 | AT14: 0.28 | AU14: 0.49 | AV14: 0.58 | AW14: 0.22 | AX14: 0.19 | AY14: 0.21 | AZ14: 0.09 | BA14: 0.25 | BB14: 0.16 | BC14: 0.03 | BD14: 0.06 | BE14: 0.24 | BF14: 0.21 | BG14: 0.1 | BH14: 0.3 | BI14: 0.24 | BJ14: 1.73 | BK14: 0.63 | BL14: 0.3 | BM14: 0.19 | BN14: 0.1 | BO14: 0.45 | BP14: 0.63 | BQ14: 0.48 | BR14: 0.25 | BS14: 0.21 | BT14: 0.16 | BU14: 0.27 | BV14: 0.33 | BW14: 0.24 | BX14: 0.24 | BY14: 0.25 | BZ14: 0.57 | CA14: 0.24 | CB14: 0.1 | CC14: 22.43
... A522: NTB | B522: Đắk Nông | C522: 22394000 | D522: (DNO) Quảng Tín | E522: TTS | F522: 5 | G522: 2 | H522: 5 | I522: 0 | J522: 3 | K522: 0 | L522: 1 | M522: 6 | N522: 2 | O522: 2 | P522: 4 | Q522: 0 | R522: 4 | S522: 3 | T522: 3 | U522: 4.24 | V522: 4.07 | W522: 3.95 | X522: 3.31 | Y522: 4.78 | Z522: 4.03 | AA522: 4.44 | AB522: 4.8 | AC522: 5.07 | AD522: 6.31 | AE522: 3.71 | AF522: 4.93 | AG522: 4.07 | AH522: 3.97 | AI522: 4.65 | AJ522: 4.82 | AK522: 4.67 | AL522: 3.56 | AM522: 4.8 | AN522: 4.2 | AO522: 4.16 | AP522: 3.99 | AQ522: 4.03 | AR522: 3.92 | AS522: 3.31 | AT522: 5.37 | AU522: 4.65 | AV522: 4.24 | AW522: 3.9 | AX522: 3.92 | AY522: 3.9 | AZ522: 3.33 | BA522: 4.76 | BB522: 4.5 | BC522: 2.26 | BD522: 3.2 | BE522: 7.4 | BF522: 7.21 | BG522: 3.56 | BH522: 5.37 | BI522: 4.5 | BJ522: 4.99 | BK522: 4.52 | BL522: 4.54 | BM522: 4.39 | BN522: 3.56 | BO522: 5.37 | BP522: 4.5 | BQ522: 4.41 | BR522: 4.52 | BS522: 4.54 | BT522: 4.39 | BU522: 3.56 | BV522: 5.37 | BW522: 4.5 | BX522: 4.41 | BY522: 4.52 | BZ522: 4.54 | CA522: 4.39 | CB522: 3.56 | CC522: 304.44
A523: TỔNG | F523: 12789 | G523: 13434 | H523: 12312 | I523: 13036 | J523: 10461 | K523: 14290 | L523: 13160 | M523: 13443 | N523: 12226 | O523: 12419 | P523: 13055 | Q523: 11626 | R523: 13151 | S523: 13102 | T523: 12907 | U523: 16762.97 | V523: 17066.94 | W523: 16508.79 | X523: 13435.25 | Y523: 19233.43 | Z523: 17005.16 | AA523: 17789 | AB523: 17343.9 | AC523: 17541 | AD523: 21270.26 | AE523: 14631.19 | AF523: 20100.63 | AG523: 17362.24 | AH523: 16991.97 | AI523: 17062.99 | AJ523: 17682.97 | AK523: 17771.79 | AL523: 15258.59 | AM523: 19421.47 | AN523: 17103.15 | AO523: 17041.97 | AP523: 16945.09 | AQ523: 16558.81 | AR523: 16440.88 | AS523: 13411.28 | AT523: 19625.47 | AU523: 18165.18 | AV523: 17521.92 | AW523: 16432 | AX523: 16788.05 | AY523: 16389.79 | AZ523: 13417.29 | BA523: 18187.17 | BB523: 15510.41 | BC523: 8695.17 | BD523: 8739.69 | BE523: 19248.55 | BF523: 18646.58 | BG523: 13724.16 | BH523: 19601.32 | BI523: 16897.85 | BJ523: 22752.78 | BK523: 17429.92 | BL523: 17461.91 | BM523: 16691.8 | BN523: 13685.12 | BO523: 19669.25 | BP523: 17915.12 | BQ523: 18756.2 | BR523: 16869.86 | BS523: 17246.94 | BT523: 16670.85 | BU523: 14041.25 | BV523: 19087.2 | BW523: 17299.99 | BX523: 17213.94 | BY523: 16869.86 | BZ523: 17736.06 | CA523: 16795.95 | CB523: 13677.17 | CC523: 1204614.5

Sheet 7_FC_Giao_Daily
A1: Vùng | B1: Tỉnh/Quận | C1: ID | D1: BC | E1: Sàn | F1: T4 15/07 | G1: T5 16/07 | H1: T6 17/07 | I1: T7 18/07 | J1: CN 19/07 | K1: T2 20/07 | L1: T3 21/07 | M1: T4 22/07 | N1: T5 23/07 | O1: T6 24/07 | P1: T7 25/07 | Q1: CN 26/07 | R1: T2 27/07 | S1: T3 28/07 | T1: T4 29/07 | U1: T5 30/07 | V1: T6 31/07 | W1: T7 01/08 | X1: CN 02/08 | Y1: T2 03/08 | Z1: T3 04/08 | AA1: T4 05/08 | AB1: T5 06/08 | AC1: T6 07/08 | AD1: T7 08/08 | AE1: CN 09/08 | AF1: T2 10/08 | AG1: T3 11/08 | AH1: T4 12/08 | AI1: T5 13/08 | AJ1: T6 14/08 | AK1: T7 15/08 | AL1: CN 16/08 | AM1: T2 17/08 | AN1: T3 18/08 | AO1: T4 19/08 | AP1: T5 20/08 | AQ1: T6 21/08 | AR1: T7 22/08 | AS1: CN 23/08 | AT1: T2 24/08 | AU1: T3 25/08 | AV1: T4 26/08 | AW1: T5 27/08 | AX1: T6 28/08 | AY1: T7 29/08 | AZ1: CN 30/08 | BA1: T2 31/08 | BB1: T3 01/09 | BC1: T4 02/09 | BD1: T5 03/09 | BE1: T6 04/09 | BF1: T7 05/09 | BG1: CN 06/09 | BH1: T2 07/09 | BI1: T3 08/09 | BJ1: T4 09/09 | BK1: T5 10/09 | BL1: T6 11/09 | BM1: T7 12/09 | BN1: CN 13/09 | BO1: T2 14/09 | BP1: T3 15/09 | BQ1: T4 16/09 | BR1: T5 17/09 | BS1: T6 18/09 | BT1: T7 19/09 | BU1: CN 20/09 | BV1: T2 21/09 | BW1: T3 22/09 | BX1: T4 23/09 | BY1: T5 24/09 | BZ1: T6 25/09 | CA1: T7 26/09 | CB1: CN 27/09 | CC1: Tổng 60d
E2: Source | F2: ✅ACT | G2: ✅ACT | H2: ✅ACT | I2: ✅ACT | J2: ✅ACT | K2: ✅ACT | L2: ✅ACT | M2: ✅ACT | N2: ✅ACT | O2: ✅ACT | P2: ✅ACT | Q2: ✅ACT | R2: ✅ACT | S2: ✅ACT | T2: ✅ACT | U2: 📊FC | V2: 📊FC | W2: 📊FC | X2: 📊FC | Y2: 📊FC | Z2: 📊FC | AA2: 📊FC | AB2: 📊FC | AC2: 📊FC | AD2: 📊FC | AE2: 📊FC | AF2: 📊FC | AG2: 📊FC | AH2: 📊FC | AI2: 📊FC | AJ2: 📊FC | AK2: 📊FC | AL2: 📊FC | AM2: 📊FC | AN2: 📊FC | AO2: 📊FC | AP2: 📊FC | AQ2: 📊FC | AR2: 📊FC | AS2: 📊FC | AT2: 📊FC | AU2: 📊FC | AV2: 📊FC | AW2: 📊FC | AX2: 📊FC | AY2: 📊FC | AZ2: 📊FC | BA2: 📊FC | BB2: 📊FC | BC2: 📊FC | BD2: 📊FC | BE2: 📊FC | BF2: 📊FC | BG2: 📊FC | BH2: 📊FC | BI2: 📊FC | BJ2: 📊FC | BK2: 📊FC | BL2: 📊FC | BM2: 📊FC | BN2: 📊FC | BO2: 📊FC | BP2: 📊FC | BQ2: 📊FC | BR2: 📊FC | BS2: 📊FC | BT2: 📊FC | BU2: 📊FC | BV2: 📊FC | BW2: 📊FC | BX2: 📊FC | BY2: 📊FC | BZ2: 📊FC | CA2: 📊FC | CB2: 📊FC
A3: NTB | B3: Bình Thuận | C3: 2357 | D3: (BTH) Đồng Kho | E3: SME | F3: 300 | G3: 368 | H3: 369 | I3: 332 | J3: 360 | K3: 312 | L3: 284 | M3: 266 | N3: 272 | O3: 331 | P3: 297 | Q3: 235 | R3: 263 | S3: 256 | T3: 284 | U3: 333.06 | V3: 344.79 | W3: 335.27 | X3: 274.39 | Y3: 371.77 | Z3: 342.18 | AA3: 334.1 | AB3: 333.06 | AC3: 344.79 | AD3: 351.86 | AE3: 274.39 | AF3: 371.77 | AG3: 342.18 | AH3: 334.1 | AI3: 333.06 | AJ3: 344.79 | AK3: 335.27 | AL3: 274.39 | AM3: 371.77 | AN3: 342.18 | AO3: 334.1 | AP3: 333.06 | AQ3: 344.79 | AR3: 335.27 | AS3: 274.39 | AT3: 371.77 | AU3: 342.18 | AV3: 334.1 | AW3: 333.06 | AX3: 344.79 | AY3: 335.27 | AZ3: 274.39 | BA3: 334.51 | BB3: 299.29 | BC3: 189.59 | BD3: 188.92 | BE3: 319.14 | BF3: 310.61 | BG3: 282.92 | BH3: 383.4 | BI3: 352.85 | BJ3: 361.06 | BK3: 343.18 | BL3: 355.59 | BM3: 345.37 | BN3: 282.92 | BO3: 383.4 | BP3: 352.85 | BQ3: 344.27 | BR3: 343.18 | BS3: 355.59 | BT3: 345.37 | BU3: 282.92 | BV3: 383.4 | BW3: 352.85 | BX3: 344.27 | BY3: 343.18 | BZ3: 355.59 | CA3: 345.37 | CB3: 282.92 | CC3: 24339.85
A4: NTB | B4: Bình Thuận | C4: 2357 | D4: (BTH) Đồng Kho | E4: SME-Bulky | F4: 13 | G4: 17 | H4: 22 | I4: 11 | J4: 18 | K4: 16 | L4: 20 | M4: 10 | N4: 16 | O4: 14 | P4: 11 | Q4: 28 | R4: 16 | S4: 26 | T4: 12 | U4: 18.35 | V4: 18.41 | W4: 17.08 | X4: 12 | Y4: 20.51 | Z4: 19.94 | AA4: 19.43 | AB4: 18.35 | AC4: 18.41 | AD4: 19.47 | AE4: 12 | AF4: 20.51 | AG4: 19.94 | AH4: 19.43 | AI4: 18.35 | AJ4: 18.41 | AK4: 17.08 | AL4: 12 | AM4: 20.51 | AN4: 19.94 | AO4: 19.43 | AP4: 18.35 | AQ4: 18.41 | AR4: 17.08 | AS4: 12 | AT4: 20.51 | AU4: 19.94 | AV4: 19.43 | AW4: 18.35 | AX4: 18.41 | AY4: 17.08 | AZ4: 12 | BA4: 20.58 | BB4: 10.79 | BC4: 5.77 | BD4: 5.21 | BE4: 9.4 | BF4: 9.02 | BG4: 7.04 | BH4: 11.94 | BI4: 11.94 | BJ4: 12.31 | BK4: 10.86 | BL4: 10.98 | BM4: 10.16 | BN4: 7.04 | BO4: 11.94 | BP4: 11.94 | BQ4: 11.24 | BR4: 10.86 | BS4: 10.98 | BT4: 10.16 | BU4: 7.04 | BV4: 11.94 | BW4: 11.94 | BX4: 11.24 | BY4: 10.86 | BZ4: 10.98 | CA4: 10.16 | CB4: 7.04 | CC4: 1112.47
A5: NTB | B5: Bình Thuận | C5: 2357 | D5: (BTH) Đồng Kho | E5: Shopee | F5: 216 | G5: 242 | H5: 297 | I5: 245 | J5: 203 | K5: 178 | L5: 234 | M5: 236 | N5: 279 | O5: 248 | P5: 226 | Q5: 183 | R5: 158 | S5: 195 | T5: 176 | U5: 220.7 | V5: 221.62 | W5: 218.34 | X5: 177.63 | Y5: 297.39 | Z5: 235.32 | AA5: 323.53 | AB5: 225.25 | AC5: 181.95 | AD5: 494.48 | AE5: 190.12 | AF5: 338.91 | AG5: 247.13 | AH5: 261.12 | AI5: 220.7 | AJ5: 221.62 | AK5: 294.63 | AL5: 318.81 | AM5: 297.39 | AN5: 235.32 | AO5: 261.12 | AP5: 275.57 | AQ5: 177.8 | AR5: 218.34 | AS5: 177.63 | AT5: 297.39 | AU5: 240.16 | AV5: 266.07 | AW5: 220.7 | AX5: 221.62 | AY5: 218.34 | AZ5: 177.63 | BA5: 229.22 | BB5: 199.74 | BC5: 101.86 | BD5: 180.57 | BE5: 211.2 | BF5: 208.03 | BG5: 172.5 | BH5: 283.06 | BI5: 183.68 | BJ5: 701.88 | BK5: 225.02 | BL5: 221.62 | BM5: 208.03 | BN5: 169.17 | BO5: 283.06 | BP5: 302.57 | BQ5: 446.35 | BR5: 210.28 | BS5: 211.2 | BT5: 208.03 | BU5: 211.43 | BV5: 226.92 | BW5: 224.21 | BX5: 248.85 | BY5: 210.28 | BZ5: 215.4 | CA5: 212.23 | CB5: 169.17 | CC5: 17965.89
A6: NTB | B6: Bình Thuận | C6: 2357 | D6: (BTH) Đồng Kho | E6: Shopee-Bulky | F6: 30.66 | G6: 41.99 | H6: 40.65 | I6: 37.99 | J6: 31.99 | K6: 18.66 | L6: 27.32 | M6: 35.99 | N6: 35.99 | O6: 30.66 | P6: 21.99 | Q6: 25.99 | R6: 34.66 | S6: 31.32 | T6: 42.65 | U6: 30.52 | V6: 29.49 | W6: 41.14 | X6: 23.48 | Y6: 45.01 | Z6: 35.49 | AA6: 34.39 | AB6: 35.08 | AC6: 36.24 | AD6: 113.44 | AE6: 59.2 | AF6: 88.11 | AG6: 50.55 | AH6: 35.2 | AI6: 34.62 | AJ6: 33.06 | AK6: 75.13 | AL6: 38.43 | AM6: 55.68 | AN6: 34.85 | AO6: 33.7 | AP6: 45.99 | AQ6: 46.16 | AR6: 37.39 | AS6: 20.72 | AT6: 41.37 | AU6: 67.22 | AV6: 71.15 | AW6: 34.1 | AX6: 31.85 | AY6: 35.95 | AZ6: 19.85 | BA6: 37.97 | BB6: 35.2 | BC6: 11.66 | BD6: 29.83 | BE6: 36.7 | BF6: 32.2 | BG6: 26.77 | BH6: 48.41 | BI6: 41.31 | BJ6: 178.65 | BK6: 87.13 | BL6: 45.64 | BM6: 33.76 | BN6: 25.91 | BO6: 55.39 | BP6: 81.71 | BQ6: 58.51 | BR6: 38.95 | BS6: 36.7 | BT6: 32.2 | BU6: 37.45 | BV6: 50.95 | BW6: 41.31 | BX6: 39.58 | BY6: 38.95 | BZ6: 66.01 | CA6: 38.6 | CB6: 25.68 | CC6: 3216.2
A7: NTB | B7: Bình Thuận | C7: 2357 | D7: (BTH) Đồng Kho | E7: Shopee-Bulky (10-15kg) | F7: 15.34 | G7: 21.01 | H7: 20.35 | I7: 19.01 | J7: 16.01 | K7: 9.34 | L7: 13.68 | M7: 18.01 | N7: 18.01 | O7: 15.34 | P7: 11.01 | Q7: 13.01 | R7: 17.34 | S7: 15.68 | T7: 21.35 | U7: 15.75 | V7: 15.29 | W7: 20.6 | X7: 11.19 | Y7: 22.27 | Z7: 17.54 | AA7: 17.08 | AB7: 17.37 | AC7: 18 | AD7: 73.46 | AE7: 29.43 | AF7: 41.37 | AG7: 25.1 | AH7: 17.31 | AI7: 16.73 | AJ7: 16.39 | AK7: 38.31 | AL7: 18.7 | AM7: 27.18 | AN7: 17.31 | AO7: 16.5 | AP7: 22.33 | AQ7: 22.39 | AR7: 18.58 | AS7: 9.92 | AT7: 20.14 | AU7: 34.45 | AV7: 34.45 | AW7: 16.56 | AX7: 15.58 | AY7: 17.77 | AZ7: 9.52 | BA7: 18.46 | BB7: 17.66 | BC7: 6.12 | BD7: 15.06 | BE7: 18.23 | BF7: 16.33 | BG7: 13.04 | BH7: 23.95 | BI7: 20.6 | BJ7: 101.73 | BK7: 43.39 | BL7: 22.16 | BM7: 16.96 | BN7: 13.04 | BO7: 28.5 | BP7: 40.91 | BQ7: 30.01 | BR7: 19.33 | BS7: 18.23 | BT7: 16.33 | BU7: 18.46 | BV7: 26.02 | BW7: 20.6 | BX7: 19.68 | BY7: 19.33 | BZ7: 33.18 | CA7: 19.27 | CB7: 12.35 | CC7: 1627.99
A8: NTB | B8: Bình Thuận | C8: 2357 | D8: (BTH) Đồng Kho | E8: TTS | F8: 224 | G8: 250 | H8: 211 | I8: 227 | J8: 226 | K8: 191 | L8: 219 | M8: 213 | N8: 216 | O8: 225 | P8: 205 | Q8: 184 | R8: 215 | S8: 200 | T8: 228 | U8: 167.5 | V8: 164.22 | W8: 160.37 | X8: 129.15 | Y8: 188.4 | Z8: 160.16 | AA8: 177.31 | AB8: 197.79 | AC8: 208.02 | AD8: 214.38 | AE8: 150.04 | AF8: 194.64 | AG8: 163.1 | AH8: 161.56 | AI8: 185.03 | AJ8: 199.12 | AK8: 195.61 | AL8: 138.96 | AM8: 191.63 | AN8: 165.22 | AO8: 164.2 | AP8: 159.38 | AQ8: 161.21 | AR8: 158.05 | AS8: 129.43 | AT8: 207.16 | AU8: 187.41 | AV8: 166.38 | AW8: 157.63 | AX8: 156.58 | AY8: 156.09 | AZ8: 129.57 | BA8: 186.86 | BB8: 174.3 | BC8: 103.83 | BD8: 150.41 | BE8: 177.66 | BF8: 172.2 | BG8: 139.24 | BH8: 207.02 | BI8: 174.3 | BJ8: 162.92 | BK8: 177.31 | BL8: 177.66 | BM8: 172.2 | BN8: 139.24 | BO8: 207.02 | BP8: 174.3 | BQ8: 172.41 | BR8: 177.31 | BS8: 177.66 | BT8: 172.2 | BU8: 139.24 | BV8: 207.02 | BW8: 174.3 | BX8: 172.41 | BY8: 177.31 | BZ8: 177.66 | CA8: 172.2 | CB8: 139.24 | CC8: 13434.73
A9: NTB | B9: Bình Thuận | C9: 2357 | D9: (BTH) Đồng Kho | E9: TTS-Bulky | F9: 5 | G9: 1 | H9: 6 | I9: 8 | J9: 3 | K9: 3 | L9: 6 | M9: 0 | N9: 1 | O9: 0 | P9: 4 | Q9: 0 | R9: 3 | S9: 3 | T9: 1 | U9: 11.21 | V9: 11.67 | W9: 5.74 | X9: 3.28 | Y9: 7.93 | Z9: 6.02 | AA9: 5.65 | AB9: 6.02 | AC9: 6.75 | AD9: 7.29 | AE9: 3.74 | AF9: 7.38 | AG9: 5.56 | AH9: 5.38 | AI9: 6.29 | AJ9: 6.38 | AK9: 6.2 | AL9: 3.28 | AM9: 7.38 | AN9: 5.47 | AO9: 5.56 | AP9: 5.56 | AQ9: 5.83 | AR9: 5.65 | AS9: 3.28 | AT9: 7.93 | AU9: 6.2 | AV9: 5.38 | AW9: 5.47 | AX9: 5.74 | AY9: 5.65 | AZ9: 3.28 | BA9: 6.56 | BB9: 1.55 | BC9: 0.73 | BD9: 1.28 | BE9: 1.55 | BF9: 1.55 | BG9: 0.91 | BH9: 2.37 | BI9: 1.55 | BJ9: 1.73 | BK9: 1.55 | BL9: 1.55 | BM9: 1.55 | BN9: 1 | BO9: 2.46 | BP9: 2.01 | BQ9: 1.55 | BR9: 1.55 | BS9: 1.55 | BT9: 1.55 | BU9: 0.82 | BV9: 2.01 | BW9: 1.55 | BX9: 1.55 | BY9: 1.55 | BZ9: 1.55 | CA9: 1.55 | CB9: 0.82 | CC9: 285.65
A10: NTB | B10: Bình Thuận | C10: 20144000 | D10: (BTH) Mũi Né | E10: SME | F10: 220 | G10: 191 | H10: 221 | I10: 215 | J10: 233 | K10: 159 | L10: 154 | M10: 166 | N10: 186 | O10: 185 | P10: 163 | Q10: 174 | R10: 149 | S10: 145 | T10: 177 | U10: 199.11 | V10: 206.07 | W10: 200.4 | X10: 163.97 | Y10: 222.14 | Z10: 204.5 | AA10: 199.69 | AB10: 199.11 | AC10: 206.07 | AD10: 209.7 | AE10: 163.97 | AF10: 222.14 | AG10: 204.5 | AH10: 199.69 | AI10: 199.11 | AJ10: 206.07 | AK10: 200.4 | AL10: 163.97 | AM10: 222.14 | AN10: 204.5 | AO10: 199.69 | AP10: 199.11 | AQ10: 206.07 | AR10: 200.4 | AS10: 163.97 | AT10: 222.14 | AU10: 204.5 | AV10: 199.69 | AW10: 199.11 | AX10: 206.07 | AY10: 200.4 | AZ10: 163.97 | BA10: 199.96 | BB10: 178.95 | BC10: 113.38 | BD10: 113 | BE10: 190.85 | BF10: 185.71 | BG10: 169.09 | BH10: 229.16 | BI10: 210.92 | BJ10: 215.2 | BK10: 205.2 | BL10: 212.58 | BM10: 206.48 | BN10: 169.09 | BO10: 229.16 | BP10: 210.92 | BQ10: 205.81 | BR10: 205.2 | BS10: 212.58 | BT10: 206.48 | BU10: 169.09 | BV10: 229.16 | BW10: 210.92 | BX10: 205.81 | BY10: 205.2 | BZ10: 212.58 | CA10: 206.48 | CB10: 169.09 | CC10: 14578.42
A11: NTB | B11: Bình Thuận | C11: 20144000 | D11: (BTH) Mũi Né | E11: SME-Bulky | F11: 4 | G11: 14 | H11: 9 | I11: 6 | J11: 10 | K11: 6 | L11: 8 | M11: 6 | N11: 7 | O11: 2 | P11: 8 | Q11: 2 | R11: 2 | S11: 10 | T11: 12 | U11: 6.42 | V11: 6.44 | W11: 5.97 | X11: 4.2 | Y11: 7.17 | Z11: 6.97 | AA11: 6.8 | AB11: 6.42 | AC11: 6.44 | AD11: 6.82 | AE11: 4.2 | AF11: 7.17 | AG11: 6.97 | AH11: 6.8 | AI11: 6.42 | AJ11: 6.44 | AK11: 5.97 | AL11: 4.2 | AM11: 7.17 | AN11: 6.97 | AO11: 6.8 | AP11: 6.42 | AQ11: 6.44 | AR11: 5.97 | AS11: 4.2 | AT11: 7.17 | AU11: 6.97 | AV11: 6.8 | AW11: 6.42 | AX11: 6.44 | AY11: 5.97 | AZ11: 4.2 | BA11: 7.2 | BB11: 3.78 | BC11: 2.02 | BD11: 1.82 | BE11: 3.29 | BF11: 3.15 | BG11: 2.47 | BH11: 4.18 | BI11: 4.18 | BJ11: 4.31 | BK11: 3.8 | BL11: 3.84 | BM11: 3.55 | BN11: 2.47 | BO11: 4.18 | BP11: 4.18 | BQ11: 3.93 | BR11: 3.8 | BS11: 3.84 | BT11: 3.55 | BU11: 2.47 | BV11: 4.18 | BW11: 4.18 | BX11: 3.93 | BY11: 3.8 | BZ11: 3.84 | CA11: 3.55 | CB11: 2.47 | CC11: 407.72
A12: NTB | B12: Bình Thuận | C12: 20144000 | D12: (BTH) Mũi Né | E12: Shopee | F12: 267 | G12: 230 | H12: 285 | I12: 266 | J12: 215 | K12: 156 | L12: 224 | M12: 259 | N12: 278 | O12: 229 | P12: 204 | Q12: 203 | R12: 139 | S12: 208 | T12: 220 | U12: 223.27 | V12: 224.2 | W12: 220.88 | X12: 179.7 | Y12: 300.86 | Z12: 238.07 | AA12: 327.31 | AB12: 227.87 | AC12: 184.07 | AD12: 500.25 | AE12: 192.34 | AF12: 342.86 | AG12: 250.01 | AH12: 264.16 | AI12: 223.27 | AJ12: 224.2 | AK12: 298.06 | AL12: 322.53 | AM12: 300.86 | AN12: 238.07 | AO12: 264.16 | AP12: 278.78 | AQ12: 179.88 | AR12: 220.88 | AS12: 179.7 | AT12: 300.86 | AU12: 242.96 | AV12: 269.17 | AW12: 223.27 | AX12: 224.2 | AY12: 220.88 | AZ12: 179.7 | BA12: 231.89 | BB12: 202.07 | BC12: 103.04 | BD12: 182.67 | BE12: 213.66 | BF12: 210.46 | BG12: 174.52 | BH12: 286.36 | BI12: 185.82 | BJ12: 710.06 | BK12: 227.64 | BL12: 224.2 | BM12: 210.46 | BN12: 171.14 | BO12: 286.36 | BP12: 306.1 | BQ12: 451.55 | BR12: 212.73 | BS12: 213.66 | BT12: 210.46 | BU12: 213.89 | BV12: 229.56 | BW12: 226.82 | BX12: 251.76 | BY12: 212.73 | BZ12: 217.91 | CA12: 214.71 | CB12: 171.14 | CC12: 18203.65
A13: NTB | B13: Bình Thuận | C13: 20144000 | D13: (BTH) Mũi Né | E13: Shopee-Bulky | F13: 19.99 | G13: 30.66 | H13: 23.33 | I13: 23.99 | J13: 12 | K13: 8.66 | L13: 22.66 | M13: 27.32 | N13: 14 | O13: 17.99 | P13: 16.66 | Q13: 21.33 | R13: 27.99 | S13: 24.66 | T13: 24.66 | U13: 20.26 | V13: 19.57 | W13: 27.3 | X13: 15.59 | Y13: 29.87 | Z13: 23.55 | AA13: 22.82 | AB13: 23.28 | AC13: 24.05 | AD13: 75.28 | AE13: 39.29 | AF13: 58.47 | AG13: 33.55 | AH13: 23.36 | AI13: 22.98 | AJ13: 21.94 | AK13: 49.86 | AL13: 25.5 | AM13: 36.95 | AN13: 23.13 | AO13: 22.36 | AP13: 30.52 | AQ13: 30.63 | AR13: 24.81 | AS13: 13.75 | AT13: 27.46 | AU13: 44.61 | AV13: 47.22 | AW13: 22.63 | AX13: 21.14 | AY13: 23.86 | AZ13: 13.17 | BA13: 25.2 | BB13: 23.36 | BC13: 7.74 | BD13: 19.8 | BE13: 24.35 | BF13: 21.37 | BG13: 17.77 | BH13: 32.13 | BI13: 27.42 | BJ13: 118.56 | BK13: 57.82 | BL13: 30.29 | BM13: 22.4 | BN13: 17.19 | BO13: 36.76 | BP13: 54.22 | BQ13: 38.83 | BR13: 25.85 | BS13: 24.35 | BT13: 21.37 | BU13: 24.85 | BV13: 33.81 | BW13: 27.42 | BX13: 26.27 | BY13: 25.85 | BZ13: 43.81 | CA13: 25.62 | CB13: 17.04 | CC13: 2126.11
A14: NTB | B14: Bình Thuận | C14: 20144000 | D14: (BTH) Mũi Né | E14: Shopee-Bulky (10-15kg) | F14: 10.01 | G14: 15.34 | H14: 11.67 | I14: 12.01 | J14: 6 | K14: 4.34 | L14: 11.34 | M14: 13.68 | N14: 7 | O14: 9.01 | P14: 8.34 | Q14: 10.67 | R14: 14.01 | S14: 12.34 | T14: 12.34 | U14: 10.45 | V14: 10.15 | W14: 13.67 | X14: 7.43 | Y14: 14.78 | Z14: 11.64 | AA14: 11.33 | AB14: 11.53 | AC14: 11.95 | AD14: 48.75 | AE14: 19.53 | AF14: 27.46 | AG14: 16.66 | AH14: 11.49 | AI14: 11.11 | AJ14: 10.88 | AK14: 25.43 | AL14: 12.41 | AM14: 18.04 | AN14: 11.49 | AO14: 10.95 | AP14: 14.82 | AQ14: 14.86 | AR14: 12.33 | AS14: 6.59 | AT14: 13.36 | AU14: 22.86 | AV14: 22.86 | AW14: 10.99 | AX14: 10.34 | AY14: 11.79 | AZ14: 6.32 | BA14: 12.25 | BB14: 11.72 | BC14: 4.06 | BD14: 9.99 | BE14: 12.1 | BF14: 10.84 | BG14: 8.65 | BH14: 15.89 | BI14: 13.67 | BJ14: 67.51 | BK14: 28.8 | BL14: 14.7 | BM14: 11.26 | BN14: 8.65 | BO14: 18.92 | BP14: 27.15 | BQ14: 19.91 | BR14: 12.83 | BS14: 12.1 | BT14: 10.84 | BU14: 12.25 | BV14: 17.27 | BW14: 13.67 | BX14: 13.06 | BY14: 12.83 | BZ14: 22.02 | CA14: 12.79 | CB14: 8.19 | CC14: 1076.27
... A644: NTB | B644: Đắk Nông | C644: 22394000 | D644: (DNO) Quảng Tín | E644: TTS-Bulky | F644: 4 | G644: 2 | H644: 1 | I644: 2 | J644: 2 | K644: 2 | L644: 1 | M644: 1 | N644: 3 | O644: 0 | P644: 2 | Q644: 0 | R644: 2 | S644: 1 | T644: 5 | U644: 6.3 | V644: 6.79 | W644: 3.23 | X644: 1.94 | Y644: 4.12 | Z644: 3.15 | AA644: 3.39 | AB644: 3.64 | AC644: 3.72 | AD644: 3.23 | AE644: 2.34 | AF644: 4.36 | AG644: 3.23 | AH644: 3.15 | AI644: 3.39 | AJ644: 3.64 | AK644: 3.8 | AL644: 1.94 | AM644: 4.2 | AN644: 3.07 | AO644: 3.23 | AP644: 3.15 | AQ644: 3.48 | AR644: 3.23 | AS644: 1.94 | AT644: 4.45 | AU644: 3.56 | AV644: 3.23 | AW644: 3.07 | AX644: 3.48 | AY644: 3.23 | AZ644: 1.94 | BA644: 3.8 | BB644: 0.89 | BC644: 0.4 | BD644: 0.65 | BE644: 0.89 | BF644: 0.89 | BG644: 0.57 | BH644: 1.21 | BI644: 0.89 | BJ644: 0.81 | BK644: 0.89 | BL644: 0.89 | BM644: 0.89 | BN644: 0.65 | BO644: 1.29 | BP644: 1.05 | BQ644: 0.89 | BR644: 0.89 | BS644: 0.89 | BT644: 0.89 | BU644: 0.48 | BV644: 1.13 | BW644: 0.89 | BX644: 0.89 | BY644: 0.89 | BZ644: 0.89 | CA644: 0.89 | CB644: 0.48 | CC644: 165.38
A645: TỔNG | F645: 53848 | G645: 59084 | H645: 59591 | I645: 55704 | J645: 51693 | K645: 46423 | L645: 40078 | M645: 43880 | N645: 52665 | O645: 47589 | P645: 45980 | Q645: 40842 | R645: 45046 | S645: 43641 | T645: 46959 | U645: 52588.22 | V645: 53138.26 | W645: 52809 | X645: 41679.55 | Y645: 63043.06 | Z645: 54038.48 | AA645: 60260.92 | AB645: 54887.55 | AC645: 53627.34 | AD645: 83878.88 | AE645: 47576.78 | AF645: 70551.61 | AG645: 56586.22 | AH645: 55186.76 | AI645: 53714.74 | AJ645: 55312.14 | AK645: 63829.7 | AL645: 53290.15 | AM645: 64325.5 | AN645: 54294.51 | AO645: 55222.58 | AP645: 57006.89 | AQ645: 51411.94 | AR645: 52262.8 | AS645: 41429.23 | AT645: 63795.35 | AU645: 59566.1 | AV645: 59612.16 | AW645: 52002.14 | AX645: 52571.13 | AY645: 51983.79 | AZ645: 41341.28 | BA645: 55090.91 | BB645: 48758.99 | BC645: 27569.68 | BD645: 37530.81 | BE645: 51059.12 | BF645: 49439.18 | BG645: 42392.03 | BH645: 63438.97 | BI645: 52032.08 | BJ645: 100416.53 | BK645: 59040.13 | BL645: 55208.98 | BM645: 52043.35 | BN645: 42114.78 | BO645: 64234.17 | BP645: 64212.23 | BQ645: 70632.54 | BR645: 52935.39 | BS645: 53603.14 | BT645: 51875.29 | BU645: 46142.35 | BV645: 59955.24 | BW645: 54690.36 | BX645: 55384.92 | BY645: 52935.39 | BZ645: 57054.72 | CA645: 52823 | CB645: 42031.64 | CC645: 4030493.7

Sheet Topline_Lay_NTB
A1: month | B1: type_order | C1: Clientname | D1: rank_weight | E1: FromProvince | F1: volume | G1: weight | H1: Revenue | I1: THÁNG
A2: 2026-07-01 | B2: sme | C2: SME | D2: 01.0-5kg | E2: Bình Thuận | F2: 26045.85 | G2: 18034.14 | H2: 0 | I2: 7
A3: 2026-07-01 | B3: sme | C3: SME | D3: 01.0-5kg | E3: Khánh Hòa | F3: 61061.17 | G3: 42278.75 | H3: 0 | I3: 7
A4: 2026-07-01 | B4: sme | C4: SME | D4: 01.0-5kg | E4: Lâm Đồng | F4: 51029.34 | G4: 35332.71 | H4: 0 | I4: 7
A5: 2026-07-01 | B5: sme | C5: SME | D5: 01.0-5kg | E5: Ninh Thuận | F5: 20990.3 | G5: 14533.69 | H5: 0 | I5: 7
A6: 2026-07-01 | B6: sme | C6: SME | D6: 01.0-5kg | E6: Đắk Nông | F6: 76718.53 | G6: 53119.91 | H6: 0 | I6: 7
A7: 2026-07-01 | B7: sme | C7: SME | D7: 02.5-10kg | E7: Bình Thuận | F7: 2015.05 | G7: 12312.17 | H7: 0 | I7: 7
A8: 2026-07-01 | B8: sme | C8: SME | D8: 02.5-10kg | E8: Khánh Hòa | F8: 4089.82 | G8: 24989.19 | H8: 0 | I8: 7
A9: 2026-07-01 | B9: sme | C9: SME | D9: 02.5-10kg | E9: Lâm Đồng | F9: 6884.94 | G9: 42067.68 | H9: 0 | I9: 7
A10: 2026-07-01 | B10: sme | C10: SME | D10: 02.5-10kg | E10: Ninh Thuận | F10: 1569.92 | G10: 9592.35 | H10: 0 | I10: 7
A11: 2026-07-01 | B11: sme | C11: SME | D11: 02.5-10kg | E11: Đắk Nông | F11: 1260.49 | G11: 7701.74 | H11: 0 | I11: 7
A12: 2026-07-01 | B12: sme | C12: SME | D12: 03.10-15kg | E12: Bình Thuận | F12: 870.73 | G12: 9834.87 | H12: 0 | I12: 7
A13: 2026-07-01 | B13: sme | C13: SME | D13: 03.10-15kg | E13: Khánh Hòa | F13: 2382.02 | G13: 26904.88 | H13: 0 | I13: 7
... A589: 2026-12-01 | B589: ecom | C589: TTS | D589: 05.>=20kg | E589: Đắk Nông | F589: 17.05 | G589: 611.97 | H589: 0 | I589: 12

Sheet Topline_Giao_NTB
A1: month | B1: type_order | C1: Clientname | D1: rank_weight | E1: ToProvince | F1: volume | G1: weight | H1: Revenue | I1: THÁNG
A2: 2026-07-01 | B2: sme | C2: SME | D2: 01.0-5kg | E2: Bình Thuận | F2: 136036.48 | G2: 94191.66 | H2: 0 | I2: 7
A3: 2026-07-01 | B3: sme | C3: SME | D3: 01.0-5kg | E3: Khánh Hòa | F3: 167537.34 | G3: 116002.85 | H3: 0 | I3: 7
A4: 2026-07-01 | B4: sme | C4: SME | D4: 01.0-5kg | E4: Lâm Đồng | F4: 181795.41 | G4: 125875.14 | H4: 0 | I4: 7
A5: 2026-07-01 | B5: sme | C5: SME | D5: 01.0-5kg | E5: Ninh Thuận | F5: 54292.58 | G5: 37592.18 | H5: 0 | I5: 7
A6: 2026-07-01 | B6: sme | C6: SME | D6: 01.0-5kg | E6: Đắk Nông | F6: 71534.29 | G6: 49530.34 | H6: 0 | I6: 7
A7: 2026-07-01 | B7: sme | C7: SME | D7: 02.5-10kg | E7: Bình Thuận | F7: 8904.81 | G7: 54409.26 | H7: 0 | I7: 7
A8: 2026-07-01 | B8: sme | C8: SME | D8: 02.5-10kg | E8: Khánh Hòa | F8: 8980.84 | G8: 54873.82 | H8: 0 | I8: 7
A9: 2026-07-01 | B9: sme | C9: SME | D9: 02.5-10kg | E9: Lâm Đồng | F9: 11904.3 | G9: 72736.49 | H9: 0 | I9: 7
A10: 2026-07-01 | B10: sme | C10: SME | D10: 02.5-10kg | E10: Ninh Thuận | F10: 3238.05 | G10: 19784.78 | H10: 0 | I10: 7
A11: 2026-07-01 | B11: sme | C11: SME | D11: 02.5-10kg | E11: Đắk Nông | F11: 4723.38 | G11: 28860.33 | H11: 0 | I11: 7
A12: 2026-07-01 | B12: sme | C12: SME | D12: 03.10-15kg | E12: Bình Thuận | F12: 4493.84 | G12: 50757.95 | H12: 0 | I12: 7
A13: 2026-07-01 | B13: sme | C13: SME | D13: 03.10-15kg | E13: Khánh Hòa | F13: 4645.91 | G13: 52475.52 | H13: 0 | I13: 7
... A601: 2026-12-01 | B601: ecom | C601: TTS | D601: 05.>=20kg | E601: Đắk Nông | F601: 574.37 | G601: 20609.84 | H601: 0 | I601: 12

Sheet GHI_CHU_Topline
A1: GIẢI THÍCH SỐ LIỆU TOPLINE VOLUME — VÙNG NTB (Tháng 7/2026)
A2: Người tổng hợp: Capacity Planning · Ngày build: 2026-07-03 · File gốc: | B2: OUTPUT_FORECAST_20260703_154553.xlsx
A4: 1. SHEET NÀY LÀ GÌ, DÙNG ĐỂ LÀM GÌ
A5: Mục đích | B5: Chia tổng sản lượng đơn hàng dự kiến của GHN (tháng 7 → tháng 12/2026) xuống TỪNG TỈNH THUỘC VÙNG, theo 4 nhóm khách hàng lớn (SME, TTS, Shopee Ecom, Shopee Bulky) — dùng làm căn cứ theo dõi/lên kế hoạch theo tỉnh, đối chiếu năng lực vận hành.
A6: Tab Topline_Lay_NTB | B6: Đơn hàng chia theo tỉnh NƠI LẤY HÀNG (kho/điểm gửi của người bán) — chỉ gồm các tỉnh thuộc vùng này
A7: Tab Topline_Giao_NTB | B7: Đơn hàng chia theo tỉnh NƠI GIAO HÀNG (nhà người mua nhận hàng) — chỉ gồm các tỉnh thuộc vùng này
A8: Phạm vi tỉnh của vùng | B8: Bình Thuận, Đắk Nông, Khánh Hòa, Lâm Đồng, Ninh Thuận
A10: 2. NGUỒN SỐ — "VOLUME TẠO" LÀ GÌ
A11: Volume tạo = số CHÍNH THỨC Capacity Planning đang dùng | B11: Đây là bản SẢN XUẤT (production) — cùng 1 con số đang chạy trong toàn bộ hệ thống lên kế hoạch tải kho/xe của Capacity Planning, KHÔNG phải bản tạm hay bản thử.
A12: Volume tạo tính từ đâu | B12: = GTTC (giao trả thành công — số đơn giao thành công thực tế) CHIA CHO 0,95 (tức cộng thêm ~5%), áp dụng từ tháng 7/2026 trở đi, để dự trù thêm phần đệm công suất khi lên kế hoạch vận hành. Nguồn GTTC gốc lấy từ file "Monthly Revenue Forecast_send to Ops" Fin/Ops gửi hàng tháng (bản dùng ở đây cập nhật ngày 02/07/2026).
A13: ⚠️ Nếu đối chiếu với số Fin | B13: Fin nhận bản GTTC gốc (KHÔNG cộng thêm 5%) — nên từ tháng 7 trở đi số ở đây CAO HƠN ~5% so với số Fin cùng kỳ. Đây là CHỦ ĐÍCH (đệm công suất), không phải sai lệch.
A15: 3. GIẢI THÍCH CÁC CỘT
A16: Tên cột | B16: Ý nghĩa
A17: month | B17: Tháng dự báo (vd 2026-07-01 = tháng 7/2026)
A18: type_order | B18: Loại đơn: ecom (giao hàng thường) hoặc freight (hàng nặng, cồng kềnh)
A19: Clientname | B19: Tên nhóm khách hàng: SME / TTS / Shopee Ecom / Shopee Bulky
A20: rank_weight | B20: Nhóm cân nặng đơn hàng: dưới 5kg / 5-10kg / 10-15kg / 15-20kg / từ 20kg trở lên (số 01., 02.,... phía trước chỉ để sắp xếp thứ tự, không có ý nghĩa khác)
A21: FromProvince (tab Topline_Lay_NTB) | B21: Tỉnh/thành nơi LẤY hàng
A22: ToProvince (tab Topline_Giao_NTB) | B22: Tỉnh/thành nơi GIAO hàng
A23: volume | B23: Số lượng đơn hàng dự kiến, trong tháng — tỉnh — nhóm cân nặng đó (đơn vị: đơn)
A24: weight | B24: Tổng khối lượng dự kiến tương ứng (đơn vị: kg) — TÍNH RA từ volume × mốc kg/đơn cố định theo từng khách hàng × nhóm cân nặng, không phải số đo trực tiếp
A25: Revenue | B25: Cột giữ chỗ, CHƯA dùng trong bản này — luôn bằng 0
A26: THÁNG | B26: Số tháng dạng số nguyên (7-12) — giống cột "month", để tiện lọc/pivot
A28: 4. MUỐN TỰ ĐỐI CHIẾU SỐ (AUDIT)?
A29: Cách số được chia | B29: Số đơn 1 tỉnh = (Tổng đơn tháng của khách hàng đó toàn quốc) × (tỷ lệ % của tỉnh, tính từ đơn hàng THẬT các tháng gần nhất trong hệ thống). Khối lượng = số đơn × mốc kg/đơn theo khách hàng + nhóm cân nặng.
A30: Bảng % chia tỉnh + mốc kg/đơn đầy đủ | B30: Nằm ở sheet tổng toàn mạng "Topline volume update 07/26 gửi KTT" (tab TY_LE_SHARE + KG_MOI_DON) do Capacity Planning quản lý — cần đối chiếu liên hệ team Capacity Planning.
A32: 5. LƯU Ý QUAN TRỌNG — TRÁNH NHẦM
A33: Phạm vi tháng | B33: Sheet CHỈ có tháng 7 → tháng 12/2026 (không có các tháng trước đó)
A34: Bản này THAY THẾ số topline cũ | B34: Từ 03/07/2026, tab Topline trong sheet này dùng bộ số mới (Volume tạo). Nếu anh/chị còn giữ bản trích xuất topline cũ, vui lòng bỏ và dùng bản này.
A35: Nếu số lệch với báo cáo tuần/biweekly khác của Capacity | B35: Có thể do thời điểm build khác nhau (volume dự báo được cập nhật định kỳ) — liên hệ team Capacity Planning để đối chiếu trước khi kết luận số sai

Sheet FC Sorting 60d
C1: Thứ Tư | D1: Thứ Năm | E1: Thứ Sáu | F1: Thứ Bảy | G1: Chủ Nhật | H1: Thứ Hai | I1: Thứ Ba | J1: Thứ Tư | K1: Thứ Năm | L1: Thứ Sáu | M1: Thứ Bảy | N1: Chủ Nhật | O1: Thứ Hai | P1: Thứ Ba | Q1: Thứ Tư | R1: Thứ Năm | S1: Thứ Sáu | T1: Thứ Bảy | U1: Chủ Nhật | V1: Thứ Hai | W1: Thứ Ba | X1: Thứ Tư | Y1: Thứ Năm | Z1: Thứ Sáu | AA1: Thứ Bảy | AB1: Chủ Nhật | AC1: Thứ Hai | AD1: Thứ Ba | AE1: Thứ Tư | AF1: Thứ Năm | AG1: Thứ Sáu | AH1: Thứ Bảy | AI1: Chủ Nhật | AJ1: Thứ Hai | AK1: Thứ Ba | AL1: Thứ Tư | AM1: Thứ Năm | AN1: Thứ Sáu | AO1: Thứ Bảy | AP1: Chủ Nhật | AQ1: Thứ Hai | AR1: Thứ Ba | AS1: Thứ Tư | AT1: Thứ Năm | AU1: Thứ Sáu | AV1: Thứ Bảy | AW1: Chủ Nhật | AX1: Thứ Hai | AY1: Thứ Ba | AZ1: Thứ Tư | BA1: Thứ Năm | BB1: Thứ Sáu | BC1: Thứ Bảy | BD1: Chủ Nhật | BE1: Thứ Hai | BF1: Thứ Ba | BG1: Thứ Tư | BH1: Thứ Năm | BI1: Thứ Sáu | BJ1: Thứ Bảy | BK1: Chủ Nhật | BL1: Thứ Hai | BM1: Thứ Ba | BN1: Thứ Tư | BO1: Thứ Năm | BP1: Thứ Sáu | BQ1: Thứ Bảy | BR1: Chủ Nhật | BS1: Thứ Hai | BT1: Thứ Ba | BU1: Thứ Tư | BV1: Thứ Năm | BW1: Thứ Sáu | BX1: Thứ Bảy | BY1: Chủ Nhật
A2: Kho | B2: Nhóm hàng | C2: 15/07 | D2: 16/07 | E2: 17/07 | F2: 18/07 | G2: 19/07 | H2: 20/07 | I2: 21/07 | J2: 22/07 | K2: 23/07 | L2: 24/07 | M2: 25/07 | N2: 26/07 | O2: 27/07 | P2: 28/07 | Q2: 29/07 | R2: 30/07 | S2: 31/07 | T2: 46030 | U2: 46061 | V2: 46089 | W2: 46120 | X2: 46150 | Y2: 46181 | Z2: 46211 | AA2: 46242 | AB2: 46273 | AC2: 46303 | AD2: 46334 | AE2: 46364 | AF2: 13/08 | AG2: 14/08 | AH2: 15/08 | AI2: 16/08 | AJ2: 17/08 | AK2: 18/08 | AL2: 19/08 | AM2: 20/08 | AN2: 21/08 | AO2: 22/08 | AP2: 23/08 | AQ2: 24/08 | AR2: 25/08 | AS2: 26/08 | AT2: 27/08 | AU2: 28/08 | AV2: 29/08 | AW2: 30/08 | AX2: 31/08 | AY2: 46031 | AZ2: 46062 | BA2: 46090 | BB2: 46121 | BC2: 46151 | BD2: 46182 | BE2: 46212 | BF2: 46243 | BG2: 46274 | BH2: 46304 | BI2: 46335 | BJ2: 46365 | BK2: 13/09 | BL2: 14/09 | BM2: 15/09 | BN2: 16/09 | BO2: 17/09 | BP2: 18/09 | BQ2: 19/09 | BR2: 20/09 | BS2: 21/09 | BT2: 22/09 | BU2: 23/09 | BV2: 24/09 | BW2: 25/09 | BX2: 26/09 | BY2: 27/09
B3: Source | C3: ✅ ACT | D3: ✅ ACT | E3: ✅ ACT | F3: ✅ ACT | G3: ✅ ACT | H3: ✅ ACT | I3: ✅ ACT | J3: ✅ ACT | K3: ✅ ACT | L3: ✅ ACT | M3: ✅ ACT | N3: ✅ ACT | O3: ✅ ACT | P3: ✅ ACT | Q3: ✅ ACT | R3: 📊 FC | S3: 📊 FC | T3: 📊 FC | U3: 📊 FC | V3: 📊 FC | W3: 📊 FC | X3: 📊 FC | Y3: 📊 FC | Z3: 📊 FC | AA3: 📊 FC | AB3: 📊 FC | AC3: 📊 FC | AD3: 📊 FC | AE3: 📊 FC | AF3: 📊 FC | AG3: 📊 FC | AH3: 📊 FC | AI3: 📊 FC | AJ3: 📊 FC | AK3: 📊 FC | AL3: 📊 FC | AM3: 📊 FC | AN3: 📊 FC | AO3: 📊 FC | AP3: 📊 FC | AQ3: 📊 FC | AR3: 📊 FC | AS3: 📊 FC | AT3: 📊 FC | AU3: 📊 FC | AV3: 📊 FC | AW3: 📊 FC | AX3: 📊 FC | AY3: 📊 FC | AZ3: 📊 FC | BA3: 📊 FC | BB3: 📊 FC | BC3: 📊 FC | BD3: 📊 FC | BE3: 📊 FC | BF3: 📊 FC | BG3: 📊 FC | BH3: 📊 FC | BI3: 📊 FC | BJ3: 📊 FC | BK3: 📊 FC | BL3: 📊 FC | BM3: 📊 FC | BN3: 📊 FC | BO3: 📊 FC | BP3: 📊 FC | BQ3: 📊 FC | BR3: 📊 FC | BS3: 📊 FC | BT3: 📊 FC | BU3: 📊 FC | BV3: 📊 FC | BW3: 📊 FC | BX3: 📊 FC | BY3: 📊 FC
A4: ▸ NTB — Nam Trung Bộ
A5: Kho Trung Chuyển Khánh Hòa | B5: Normal | C5: 25885 | D5: 22760 | E5: 22696 | F5: 22949 | G5: 21595 | H5: 18217 | I5: 26146 | J5: 22132 | K5: 22933 | L5: 19433 | M5: 21390 | N5: 17840 | O5: 21688 | P5: 22997 | Q5: 21508 | R5: 21743 | S5: 21984 | T5: 21347 | U5: 17637 | V5: 25750 | W5: 22144 | X5: 23993 | Y5: 21652 | Z5: 22586 | AA5: 30057 | AB5: 18795 | AC5: 26792 | AD5: 22516 | AE5: 22667 | AF5: 22425 | AG5: 23306 | AH5: 23281 | AI5: 22033 | AJ5: 25872 | AK5: 22333 | AL5: 22773 | AM5: 22052 | AN5: 20660 | AO5: 21263 | AP5: 17653 | AQ5: 26476 | AR5: 23836 | AS5: 22809 | AT5: 21377 | AU5: 21692 | AV5: 21183 | AW5: 17654 | AX5: 24037 | AY5: 20659 | AZ5: 11036 | BA5: 12964 | BB5: 28280 | BC5: 27410 | BD5: 18473 | BE5: 26964 | BF5: 21968 | BG5: 33514 | BH5: 23293 | BI5: 23557 | BJ5: 22310 | BK5: 18373 | BL5: 26964 | BM5: 23763 | BN5: 27329 | BO5: 22560 | BP5: 22927 | BQ5: 22226 | BR5: 18873 | BS5: 25342 | BT5: 23122 | BU5: 23512 | BV5: 22560 | BW5: 23530 | BX5: 22342 | BY5: 18373
A6: Kho Trung Chuyển Khánh Hòa | B6: Bulky | C6: 3508 | D6: 2822 | E6: 2954 | F6: 2703 | G6: 2691 | H6: 2029 | I6: 3370 | J6: 3055 | K6: 2582 | L6: 2388 | M6: 2827 | N6: 2485 | O6: 2370 | P6: 3205 | Q6: 2819 | R6: 2684 | S6: 2620 | T6: 2993 | U6: 1804 | V6: 3444 | W6: 2816 | X6: 3399 | Y6: 2755 | Z6: 2852 | AA6: 3940 | AB6: 3975 | AC6: 3524 | AD6: 4971 | AE6: 4882 | AF6: 3431 | AG6: 2738 | AH6: 3940 | AI6: 2632 | AJ6: 4286 | AK6: 2862 | AL6: 2710 | AM6: 3816 | AN6: 2641 | AO6: 2773 | AP6: 1653 | AQ6: 3229 | AR6: 4627 | AS6: 3134 | AT6: 2670 | AU6: 2548 | AV6: 2693 | AW6: 1599 | AX6: 3074 | AY6: 1094 | AZ6: 376 | BA6: 509 | BB6: 1386 | BC6: 1229 | BD6: 863 | BE6: 1555 | BF6: 1371 | BG6: 4488 | BH6: 2113 | BI6: 1452 | BJ6: 1131 | BK6: 852 | BL6: 1724 | BM6: 2102 | BN6: 1774 | BO6: 1276 | BP6: 1228 | BQ6: 1091 | BR6: 1268 | BS6: 1606 | BT6: 1371 | BU6: 1317 | BV6: 1276 | BW6: 1864 | BX6: 1236 | BY6: 829
A7: Kho Trung Chuyển Khánh Hòa | B7: Freight | C7: 2034 | D7: 2077 | E7: 1977 | F7: 1453 | G7: 1379 | H7: 989 | I7: 2025 | J7: 1812 | K7: 1381 | L7: 1353 | M7: 1674 | N7: 1972 | O7: 1477 | P7: 1789 | Q7: 1601 | R7: 1617 | S7: 1578 | T7: 1803 | U7: 1086 | V7: 2074 | W7: 1696 | X7: 2047 | Y7: 1659 | Z7: 1718 | AA7: 2901 | AB7: 2438 | AC7: 2725 | AD7: 2819 | AE7: 2274 | AF7: 1779 | AG7: 1601 | AH7: 2732 | AI7: 1421 | AJ7: 2426 | AK7: 1684 | AL7: 1632 | AM7: 2298 | AN7: 1590 | AO7: 1670 | AP7: 995 | AQ7: 1945 | AR7: 2786 | AS7: 1887 | AT7: 1608 | AU7: 1535 | AV7: 1622 | AW7: 963 | AX7: 1851 | AY7: 659 | AZ7: 226 | BA7: 307 | BB7: 834 | BC7: 740 | BD7: 520 | BE7: 936 | BF7: 826 | BG7: 2704 | BH7: 1272 | BI7: 873 | BJ7: 682 | BK7: 513 | BL7: 1038 | BM7: 1266 | BN7: 1068 | BO7: 768 | BP7: 739 | BQ7: 657 | BR7: 763 | BS7: 967 | BT7: 826 | BU7: 793 | BV7: 768 | BW7: 1122 | BX7: 745 | BY7: 500
A8: Kho Trung Chuyển Khánh Hòa | B8: Total | C8: 31427 | D8: 27659 | E8: 27627 | F8: 27105 | G8: 25665 | H8: 21235 | I8: 31541 | J8: 26999 | K8: 26896 | L8: 23174 | M8: 25891 | N8: 22297 | O8: 25535 | P8: 27991 | Q8: 25928 | R8: 26044 | S8: 26183 | T8: 26143 | U8: 20527 | V8: 31268 | W8: 26656 | X8: 29438 | Y8: 26067 | Z8: 27156 | AA8: 36898 | AB8: 25208 | AC8: 33041 | AD8: 30306 | AE8: 29823 | AF8: 27635 | AG8: 27645 | AH8: 29953 | AI8: 26086 | AJ8: 32584 | AK8: 26879 | AL8: 27115 | AM8: 28166 | AN8: 24891 | AO8: 25706 | AP8: 20300 | AQ8: 31650 | AR8: 31249 | AS8: 27831 | AT8: 25655 | AU8: 25775 | AV8: 25498 | AW8: 20217 | AX8: 28962 | AY8: 22413 | AZ8: 11638 | BA8: 13780 | BB8: 30500 | BC8: 29379 | BD8: 19856 | BE8: 29454 | BF8: 24166 | BG8: 40706 | BH8: 26678 | BI8: 25882 | BJ8: 24123 | BK8: 19738 | BL8: 29726 | BM8: 27130 | BN8: 30170 | BO8: 24605 | BP8: 24893 | BQ8: 23975 | BR8: 20904 | BS8: 27916 | BT8: 25319 | BU8: 25622 | BV8: 24605 | BW8: 26516 | BX8: 24323 | BY8: 19702
A9: Kho Chuyển Tiếp Bình Thuận | B9: Normal | C9: 17907 | D9: 14214 | E9: 14233 | F9: 12893 | G9: 12910 | H9: 14920 | I9: 11660 | J9: 12857 | K9: 13813 | L9: 11899 | M9: 10769 | N9: 11197 | O9: 11267 | P9: 12235 | Q9: 13710 | R9: 12489 | S9: 12628 | T9: 12262 | U9: 10131 | V9: 14791 | W9: 12719 | X9: 13781 | Y9: 12437 | Z9: 12973 | AA9: 17265 | AB9: 10796 | AC9: 15389 | AD9: 12933 | AE9: 13021 | AF9: 12881 | AG9: 13387 | AH9: 13372 | AI9: 12655 | AJ9: 14861 | AK9: 12828 | AL9: 13082 | AM9: 12668 | AN9: 11867 | AO9: 12214 | AP9: 10140 | AQ9: 15208 | AR9: 13692 | AS9: 13102 | AT9: 12279 | AU9: 12460 | AV9: 12167 | AW9: 10141 | AX9: 13807 | AY9: 11867 | AZ9: 6339 | BA9: 7447 | BB9: 16244 | BC9: 15744 | BD9: 10611 | BE9: 15488 | BF9: 12618 | BG9: 19425 | BH9: 13290 | BI9: 13437 | BJ9: 12811 | BK9: 10553 | BL9: 15488 | BM9: 13649 | BN9: 15698 | BO9: 12959 | BP9: 13169 | BQ9: 12767 | BR9: 10841 | BS9: 14557 | BT9: 13281 | BU9: 13506 | BV9: 12959 | BW9: 13515 | BX9: 12833 | BY9: 10553
A10: Kho Chuyển Tiếp Bình Thuận | B10: Bulky | C10: 2520 | D10: 1930 | E10: 2022 | F10: 1738 | G10: 1872 | H10: 1593 | I10: 1722 | J10: 1811 | K10: 1799 | L10: 1798 | M10: 1524 | N10: 1484 | O10: 1732 | P10: 1834 | Q10: 1929 | R10: 1739 | S10: 1698 | T10: 1939 | U10: 1169 | V10: 2231 | W10: 1825 | X10: 2202 | Y10: 1785 | Z10: 1848 | AA10: 2347 | AB10: 2080 | AC10: 2515 | AD10: 2599 | AE10: 3508 | AF10: 2804 | AG10: 1940 | AH10: 2347 | AI10: 1767 | AJ10: 2852 | AK10: 1922 | AL10: 1756 | AM10: 2473 | AN10: 1711 | AO10: 1797 | AP10: 1071 | AQ10: 2092 | AR10: 2599 | AS10: 2192 | AT10: 1894 | AU10: 1725 | AV10: 1745 | AW10: 1036 | AX10: 1992 | AY10: 709 | AZ10: 244 | BA10: 330 | BB10: 898 | BC10: 796 | BD10: 559 | BE10: 1007 | BF10: 889 | BG10: 2797 | BH10: 1417 | BI10: 991 | BJ10: 758 | BK10: 552 | BL10: 1117 | BM10: 1362 | BN10: 1149 | BO10: 827 | BP10: 795 | BQ10: 707 | BR10: 821 | BS10: 1041 | BT10: 889 | BU10: 853 | BV10: 827 | BW10: 1208 | BX10: 801 | BY10: 537
A11: Kho Chuyển Tiếp Bình Thuận | B11: Freight | C11: 1626 | D11: 1479 | E11: 1423 | F11: 1030 | G11: 916 | H11: 968 | I11: 1353 | J11: 1137 | K11: 1092 | L11: 1027 | M11: 1228 | N11: 1282 | O11: 1158 | P11: 1314 | Q11: 1152 | R11: 1186 | S11: 1158 | T11: 1323 | U11: 797 | V11: 1522 | W11: 1245 | X11: 1502 | Y11: 1218 | Z11: 1260 | AA11: 2334 | AB11: 1665 | AC11: 2398 | AD11: 1849 | AE11: 1429 | AF11: 1285 | AG11: 1175 | AH11: 2005 | AI11: 1042 | AJ11: 1780 | AK11: 1236 | AL11: 1198 | AM11: 1686 | AN11: 1167 | AO11: 1225 | AP11: 730 | AQ11: 1427 | AR11: 2045 | AS11: 1385 | AT11: 1180 | AU11: 1126 | AV11: 1190 | AW11: 707 | AX11: 1359 | AY11: 484 | AZ11: 166 | BA11: 225 | BB11: 612 | BC11: 543 | BD11: 382 | BE11: 687 | BF11: 606 | BG11: 2002 | BH11: 927 | BI11: 636 | BJ11: 500 | BK11: 377 | BL11: 762 | BM11: 929 | BN11: 784 | BO11: 564 | BP11: 542 | BQ11: 482 | BR11: 560 | BS11: 710 | BT11: 606 | BU11: 582 | BV11: 564 | BW11: 824 | BX11: 546 | BY11: 367
A12: Kho Chuyển Tiếp Bình Thuận | B12: Total | C12: 22053 | D12: 17623 | E12: 17678 | F12: 15661 | G12: 15698 | H12: 17481 | I12: 14735 | J12: 15805 | K12: 16704 | L12: 14724 | M12: 13521 | N12: 13963 | O12: 14157 | P12: 15383 | Q12: 16791 | R12: 15415 | S12: 15483 | T12: 15524 | U12: 12096 | V12: 18544 | W12: 15789 | X12: 17485 | Y12: 15440 | Z12: 16082 | AA12: 21946 | AB12: 14541 | AC12: 20302 | AD12: 17381 | AE12: 17958 | AF12: 16970 | AG12: 16502 | AH12: 17724 | AI12: 15464 | AJ12: 19493 | AK12: 15986 | AL12: 16034 | AM12: 16826 | AN12: 14745 | AO12: 15236 | AP12: 11941 | AQ12: 18727 | AR12: 18336 | AS12: 16679 | AT12: 15353 | AU12: 15311 | AV12: 15102 | AW12: 11883 | AX12: 17158 | AY12: 13059 | AZ12: 6749 | BA12: 8002 | BB12: 17754 | BC12: 17083 | BD12: 11552 | BE12: 17182 | BF12: 14113 | BG12: 24224 | BH12: 15634 | BI12: 15064 | BJ12: 14069 | BK12: 11482 | BL12: 17367 | BM12: 15940 | BN12: 17630 | BO12: 14349 | BP12: 14507 | BQ12: 13956 | BR12: 12222 | BS12: 16307 | BT12: 14776 | BU12: 14940 | BV12: 14349 | BW12: 15547 | BX12: 14181 | BY12: 11457
A13: Kho Chuyển Tiếp Đức Trọng-Lâm Đồng | B13: Normal | C13: 12288 | D13: 12170 | E13: 11965 | F13: 10180 | G13: 10331 | H13: 8985 | I13: 8533 | J13: 11000 | K13: 10646 | L13: 10499 | M13: 8850 | N13: 10710 | O13: 9202 | P13: 10696 | Q13: 10704 | R13: 10491 | S13: 10607 | T13: 10300 | U13: 8510 | V13: 12424 | W13: 10684 | X13: 11576 | Y13: 10447 | Z13: 10897 | AA13: 14502 | AB13: 9069 | AC13: 12927 | AD13: 10864 | AE13: 10937 | AF13: 10820 | AG13: 11245 | AH13: 11233 | AI13: 10630 | AJ13: 12483 | AK13: 10776 | AL13: 10988 | AM13: 10640 | AN13: 9968 | AO13: 10259 | AP13: 8517 | AQ13: 12774 | AR13: 11501 | AS13: 11005 | AT13: 10314 | AU13: 10466 | AV13: 10221 | AW13: 8518 | AX13: 11597 | AY13: 9968 | AZ13: 5325 | BA13: 6255 | BB13: 13645 | BC13: 13225 | BD13: 8913 | BE13: 13010 | BF13: 10599 | BG13: 16491 | BH13: 11088 | BI13: 11207 | BJ13: 10724 | BK13: 8865 | BL13: 13010 | BM13: 11465 | BN13: 13186 | BO13: 10885 | BP13: 11062 | BQ13: 10724 | BR13: 9106 | BS13: 12227 | BT13: 11156 | BU13: 11345 | BV13: 10885 | BW13: 11353 | BX13: 10780 | BY13: 8865
A14: Kho Chuyển Tiếp Đức Trọng-Lâm Đồng | B14: Bulky | C14: 1878 | D14: 1586 | E14: 1967 | F14: 1562 | G14: 1201 | H14: 977 | I14: 1862 | J14: 1722 | K14: 1559 | L14: 1292 | M14: 1135 | N14: 1179 | O14: 1238 | P14: 1772 | Q14: 1561 | R14: 1399 | S14: 1366 | T14: 1560 | U14: 940 | V14: 1795 | W14: 1468 | X14: 1772 | Y14: 1436 | Z14: 1487 | AA14: 3483 | AB14: 1664 | AC14: 2898 | AD14: 1888 | AE14: 1543 | AF14: 1453 | AG14: 1386 | AH14: 2365 | AI14: 1230 | AJ14: 2100 | AK14: 1458 | AL14: 1413 | AM14: 1990 | AN14: 1377 | AO14: 1446 | AP14: 861 | AQ14: 1684 | AR14: 2412 | AS14: 1634 | AT14: 1392 | AU14: 1328 | AV14: 1404 | AW14: 834 | AX14: 1603 | AY14: 570 | AZ14: 196 | BA14: 266 | BB14: 722 | BC14: 641 | BD14: 450 | BE14: 810 | BF14: 715 | BG14: 2388 | BH14: 1086 | BI14: 746 | BJ14: 588 | BK14: 444 | BL14: 899 | BM14: 1096 | BN14: 925 | BO14: 665 | BP14: 640 | BQ14: 569 | BR14: 661 | BS14: 837 | BT14: 715 | BU14: 686 | BV14: 665 | BW14: 972 | BX14: 644 | BY14: 432
A15: Kho Chuyển Tiếp Đức Trọng-Lâm Đồng | B15: Freight | C15: 1210 | D15: 1215 | E15: 1292 | F15: 911 | G15: 788 | H15: 666 | I15: 1346 | J15: 1003 | K15: 998 | L15: 938 | M15: 819 | N15: 1106 | O15: 913 | P15: 1410 | Q15: 995 | R15: 1032 | S15: 1007 | T15: 1151 | U15: 693 | V15: 1324 | W15: 1083 | X15: 1306 | Y15: 1059 | Z15: 1096 | AA15: 2032 | AB15: 1439 | AC15: 1918 | AD15: 1659 | AE15: 1324 | AF15: 1161 | AG15: 1022 | AH15: 1744 | AI15: 907 | AJ15: 1548 | AK15: 1075 | AL15: 1042 | AM15: 1467 | AN15: 1015 | AO15: 1066 | AP15: 635 | AQ15: 1241 | AR15: 1778 | AS15: 1205 | AT15: 1026 | AU15: 980 | AV15: 1035 | AW15: 615 | AX15: 1182 | AY15: 421 | AZ15: 145 | BA15: 196 | BB15: 533 | BC15: 472 | BD15: 332 | BE15: 598 | BF15: 527 | BG15: 1761 | BH15: 801 | BI15: 550 | BJ15: 433 | BK15: 328 | BL15: 663 | BM15: 808 | BN15: 682 | BO15: 491 | BP15: 472 | BQ15: 420 | BR15: 487 | BS15: 617 | BT15: 527 | BU15: 506 | BV15: 491 | BW15: 716 | BX15: 475 | BY15: 319
A16: Kho Chuyển Tiếp Đức Trọng-Lâm Đồng | B16: Total | C16: 15376 | D16: 14971 | E16: 15224 | F16: 12653 | G16: 12320 | H16: 10628 | I16: 11741 | J16: 13725 | K16: 13203 | L16: 12729 | M16: 10804 | N16: 12995 | O16: 11353 | P16: 13878 | Q16: 13260 | R16: 12922 | S16: 12981 | T16: 13011 | U16: 10143 | V16: 15543 | W16: 13235 | X16: 14654 | Y16: 12943 | Z16: 13481 | AA16: 20017 | AB16: 12172 | AC16: 17743 | AD16: 14411 | AE16: 13804 | AF16: 13434 | AG16: 13653 | AH16: 15341 | AI16: 12767 | AJ16: 16131 | AK16: 13309 | AL16: 13442 | AM16: 14096 | AN16: 12360 | AO16: 12771 | AP16: 10014 | AQ16: 15699 | AR16: 15691 | AS16: 13844 | AT16: 12732 | AU16: 12774 | AV16: 12660 | AW16: 9966 | AX16: 14382 | AY16: 10959 | AZ16: 5665 | BA16: 6716 | BB16: 14900 | BC16: 14338 | BD16: 9695 | BE16: 14418 | BF16: 11842 | BG16: 20640 | BH16: 12975 | BI16: 12503 | BJ16: 11745 | BK16: 9637 | BL16: 14571 | BM16: 13369 | BN16: 14792 | BO16: 12041 | BP16: 12174 | BQ16: 11712 | BR16: 10254 | BS16: 13682 | BT16: 12398 | BU16: 12537 | BV16: 12041 | BW16: 13041 | BX16: 11900 | BY16: 9616
... A24: Kho Chuyển Tiếp Đắk Nông | B24: Total | C24: 6022 | D24: 7099 | E24: 6270 | F24: 6037 | G24: 5022 | H24: 4404 | I24: 5350 | J24: 6217 | K24: 5069 | L24: 5838 | M24: 4714 | N24: 5199 | O24: 4662 | P24: 5317 | Q24: 5882 | R24: 5374 | S24: 5401 | T24: 5403 | U24: 4227 | V24: 6458 | W24: 5502 | X24: 6084 | Y24: 5381 | Z24: 5605 | AA24: 7534 | AB24: 5216 | AC24: 6981 | AD24: 5979 | AE24: 6196 | AF24: 5933 | AG24: 5769 | AH24: 6154 | AI24: 5376 | AJ24: 6773 | AK24: 5580 | AL24: 5593 | AM24: 5837 | AN24: 5138 | AO24: 5308 | AP24: 4177 | AQ24: 6530 | AR24: 6251 | AS24: 5825 | AT24: 5400 | AU24: 5372 | AV24: 5263 | AW24: 4158 | AX24: 5979 | AY24: 4592 | AZ24: 2379 | BA24: 2819 | BB24: 6246 | BC24: 6013 | BD24: 4065 | BE24: 6037 | BF24: 4956 | BG24: 8557 | BH24: 5420 | BI24: 5241 | BJ24: 4927 | BK24: 4041 | BL24: 6097 | BM24: 5579 | BN24: 6189 | BO24: 5043 | BP24: 5100 | BQ24: 4909 | BR24: 4289 | BS24: 5726 | BT24: 5191 | BU24: 5251 | BV24: 5043 | BW24: 5448 | BX24: 4984 | BY24: 4033
